departamento,date,cases,deaths
Boaco,2020-03-23,1,0
Boaco,2020-04-08,1,0
Boaco,2020-04-27,3,0
Boaco,2020-05-02,1,0
Boaco,2020-05-03,2,0
Boaco,2020-05-11,1,1
Boaco,2020-05-13,2,1
Boaco,2020-05-19,2,2
Boaco,2020-05-21,1,2
Boaco,2020-05-27,1,3
Boaco,2020-05-29,2,6
Boaco,2020-05-30,3,6
Boaco,2020-06-02,13,6
Boaco,2020-06-04,3,9
Boaco,2020-06-05,1,10
Boaco,2020-06-06,10,18
Boaco,2020-06-08,4,21
Boaco,2020-06-11,2,23
Boaco,2020-06-12,3,24
Boaco,2020-06-13,4,25
Boaco,2020-06-14,2,26
Boaco,2020-06-15,13,27
Boaco,2020-06-16,16,33
Boaco,2020-06-19,14,34
Boaco,2020-06-21,7,36
Boaco,2020-06-22,3,36
Boaco,2020-06-23,1,36
Boaco,2020-06-24,2,36
Boaco,2020-06-26,1,36
Boaco,2020-06-27,2,37
Boaco,2020-06-29,3,38
Boaco,2020-06-30,19,40
Boaco,2020-07-01,1,40
Boaco,2020-07-02,16,41
Boaco,2020-07-06,2,43
Boaco,2020-07-11,1,45
Boaco,2020-07-13,4,45
Boaco,2020-07-15,16,47
Boaco,2020-07-16,4,48
Boaco,2020-07-22,1,48
Boaco,2020-07-25,3,49
Boaco,2020-08-21,7,56
Boaco,2020-12-04,1,57
Boaco,2020-12-09,1,58
Boaco,2020-12-21,8,58
Boaco,2021-01-05,7,59
Boaco,2021-03-21,1,59
Boaco,2021-04-05,3,59
Boaco,2021-05-05,15,59
Boaco,2021-06-19,1,59
Boaco,2021-07-07,2,60
Boaco,2021-07-28,1,60
Boaco,2021-08-03,2,61
Boaco,2021-08-21,8,63
Boaco,2021-08-24,2,64
Boaco,2021-08-25,1,65
Boaco,2021-08-27,2,66
Boaco,2021-08-31,1,67
Boaco,2021-09-01,1,67
Boaco,2021-09-05,2,67
Boaco,2021-09-06,7,68
Boaco,2021-09-07,1,68
Boaco,2021-09-12,6,75
Boaco,2021-09-13,1,76
Boaco,2021-09-15,1,78
Boaco,2021-09-16,2,79
Boaco,2021-09-19,2,80
Boaco,2021-09-21,6,88
Boaco,2021-09-24,1,89
Boaco,2021-09-27,1,90
Boaco,2021-09-28,2,91
Boaco,2021-09-30,1,92
Boaco,2021-10-01,1,93
Boaco,2021-10-02,4,93
Boaco,2021-10-03,1,94
Boaco,2021-10-05,2,94
Boaco,2021-10-07,2,96
Boaco,2021-10-08,1,97
Boaco,2021-10-10,4,97
Carazo,2020-03-22,1,0
Carazo,2020-04-27,1,1
Carazo,2020-04-29,5,1
Carazo,2020-05-05,2,2
Carazo,2020-05-07,2,2
Carazo,2020-05-08,3,2
Carazo,2020-05-10,1,2
Carazo,2020-05-11,1,2
Carazo,2020-05-16,4,5
Carazo,2020-05-20,4,5
Carazo,2020-05-22,1,5
Carazo,2020-05-23,4,7
Carazo,2020-05-24,1,7
Carazo,2020-05-25,5,11
Carazo,2020-05-26,31,16
Carazo,2020-05-27,2,18
Carazo,2020-05-28,3,21
Carazo,2020-05-29,2,21
Carazo,2020-05-30,1,22
Carazo,2020-06-01,5,24
Carazo,2020-06-02,1,25
Carazo,2020-06-03,2,25
Carazo,2020-06-04,4,28
Carazo,2020-06-05,3,30
Carazo,2020-06-06,1,31
Carazo,2020-06-07,3,32
Carazo,2020-06-08,3,34
Carazo,2020-06-11,14,37
Carazo,2020-06-12,15,39
Carazo,2020-06-13,24,40
Carazo,2020-06-15,1,41
Carazo,2020-06-16,3,42
Carazo,2020-06-20,1,42
Carazo,2020-06-21,1,42
Carazo,2020-06-22,6,42
Carazo,2020-06-23,2,42
Carazo,2020-06-24,4,45
Carazo,2020-06-25,6,46
Carazo,2020-06-26,9,46
Carazo,2020-06-27,6,46
Carazo,2020-06-28,8,47
Carazo,2020-06-29,5,49
Carazo,2020-06-30,1,49
Carazo,2020-07-01,1,49
Carazo,2020-07-02,3,50
Carazo,2020-07-03,1,50
Carazo,2020-07-04,3,50
Carazo,2020-07-05,2,50
Carazo,2020-07-06,4,51
Carazo,2020-07-07,2,51
Carazo,2020-07-13,2,51
Carazo,2020-07-15,4,52
Carazo,2020-07-16,5,52
Carazo,2020-07-18,2,52
Carazo,2020-07-20,4,52
Carazo,2020-07-21,3,53
Carazo,2020-07-22,2,54
Carazo,2020-07-24,1,54
Carazo,2020-07-25,1,54
Carazo,2020-08-27,3,57
Carazo,2020-09-16,1,57
Carazo,2020-09-27,2,57
Carazo,2020-09-30,2,57
Carazo,2020-10-12,1,58
Carazo,2020-11-11,3,58
Carazo,2020-11-16,1,58
Carazo,2020-11-19,5,58
Carazo,2020-11-25,1,58
Carazo,2020-12-04,6,58
Carazo,2020-12-16,8,59
Carazo,2021-01-07,3,59
Carazo,2021-04-05,1,60
Carazo,2021-04-06,2,62
Carazo,2021-04-07,1,63
Carazo,2021-04-09,1,63
Carazo,2021-04-29,8,65
Carazo,2021-05-03,1,65
Carazo,2021-05-13,5,68
Carazo,2021-05-19,1,70
Carazo,2021-05-26,1,71
Carazo,2021-05-31,3,74
Carazo,2021-06-01,1,75
Carazo,2021-06-22,1,76
Carazo,2021-07-07,5,82
Carazo,2021-07-08,13,89
Carazo,2021-07-09,4,89
Carazo,2021-07-10,9,89
Carazo,2021-07-13,1,90
Carazo,2021-07-28,1,91
Carazo,2021-07-29,9,91
Carazo,2021-07-31,2,92
Carazo,2021-08-05,3,92
Carazo,2021-08-17,1,92
Carazo,2021-08-20,1,92
Carazo,2021-09-04,5,96
Carazo,2021-09-05,4,96
Carazo,2021-09-06,1,96
Carazo,2021-09-08,2,98
Carazo,2021-09-09,3,101
Carazo,2021-09-10,1,102
Carazo,2021-09-12,2,104
Carazo,2021-09-13,3,108
Carazo,2021-09-15,7,114
Carazo,2021-09-16,1,115
Carazo,2021-09-17,1,115
Carazo,2021-09-20,3,117
Carazo,2021-09-21,2,119
Carazo,2021-09-22,2,119
Carazo,2021-09-23,5,122
Carazo,2021-09-24,4,126
Carazo,2021-09-25,2,128
Carazo,2021-09-26,2,130
Carazo,2021-09-27,3,133
Carazo,2021-09-28,6,138
Carazo,2021-09-29,3,141
Carazo,2021-10-02,1,142
Carazo,2021-10-03,2,143
Carazo,2021-10-04,5,148
Carazo,2021-10-09,5,148
Carazo,2021-10-11,2,150
Chinandega,2020-03-18,1,0
Chinandega,2020-03-21,1,0
Chinandega,2020-03-27,2,0
Chinandega,2020-03-28,1,0
Chinandega,2020-03-29,3,0
Chinandega,2020-03-31,1,0
Chinandega,2020-04-02,1,1
Chinandega,2020-04-06,2,1
Chinandega,2020-04-13,1,1
Chinandega,2020-04-19,1,1
Chinandega,2020-04-27,4,2
Chinandega,2020-04-29,2,2
Chinandega,2020-04-30,2,3
Chinandega,2020-05-02,4,7
Chinandega,2020-05-03,7,10
Chinandega,2020-05-04,9,12
Chinandega,2020-05-05,11,14
Chinandega,2020-05-06,2,15
Chinandega,2020-05-07,6,16
Chinandega,2020-05-08,5,18
Chinandega,2020-05-09,3,20
Chinandega,2020-05-10,4,23
Chinandega,2020-05-11,6,28
Chinandega,2020-05-12,9,33
Chinandega,2020-05-13,11,36
Chinandega,2020-05-14,2,37
Chinandega,2020-05-15,3,38
Chinandega,2020-05-16,10,43
Chinandega,2020-05-17,11,46
Chinandega,2020-05-18,5,46
Chinandega,2020-05-19,4,48
Chinandega,2020-05-20,2,49
Chinandega,2020-05-21,8,53
Chinandega,2020-05-22,11,53
Chinandega,2020-05-23,2,54
Chinandega,2020-05-24,3,56
Chinandega,2020-05-25,10,59
Chinandega,2020-05-26,6,59
Chinandega,2020-05-27,2,61
Chinandega,2020-05-28,4,63
Chinandega,2020-05-29,11,66
Chinandega,2020-05-30,3,67
Chinandega,2020-05-31,4,67
Chinandega,2020-06-01,4,69
Chinandega,2020-06-02,16,76
Chinandega,2020-06-03,5,77
Chinandega,2020-06-04,5,78
Chinandega,2020-06-05,2,79
Chinandega,2020-06-06,2,80
Chinandega,2020-06-07,4,83
Chinandega,2020-06-08,2,83
Chinandega,2020-06-09,4,86
Chinandega,2020-06-10,2,87
Chinandega,2020-06-15,4,89
Chinandega,2020-06-16,9,95
Chinandega,2020-06-17,3,97
Chinandega,2020-06-18,2,98
Chinandega,2020-06-19,1,99
Chinandega,2020-06-22,6,99
Chinandega,2020-06-23,1,99
Chinandega,2020-06-24,1,100
Chinandega,2020-06-25,3,101
Chinandega,2020-06-28,1,102
Chinandega,2020-06-29,2,102
Chinandega,2020-07-02,1,102
Chinandega,2020-07-06,8,109
Chinandega,2020-07-07,2,111
Chinandega,2020-07-10,2,113
Chinandega,2020-07-11,1,113
Chinandega,2020-07-13,1,113
Chinandega,2020-07-14,2,113
Chinandega,2020-07-16,2,113
Chinandega,2020-07-21,5,117
Chinandega,2020-07-22,6,118
Chinandega,2020-07-23,1,118
Chinandega,2020-07-24,1,118
Chinandega,2020-08-13,4,122
Chinandega,2020-08-14,1,122
Chinandega,2020-08-16,7,122
Chinandega,2020-08-17,1,122
Chinandega,2020-08-18,2,122
Chinandega,2020-08-19,2,122
Chinandega,2020-09-01,1,125
Chinandega,2020-09-04,1,126
Chinandega,2020-09-10,2,127
Chinandega,2020-09-13,3,127
Chinandega,2020-09-15,1,127
Chinandega,2020-09-22,2,128
Chinandega,2020-09-23,1,128
Chinandega,2020-09-27,10,128
Chinandega,2020-10-15,3,128
Chinandega,2020-11-03,3,128
Chinandega,2020-11-11,7,128
Chinandega,2020-11-18,1,128
Chinandega,2020-12-03,2,128
Chinandega,2020-12-16,2,128
Chinandega,2021-01-06,1,128
Chinandega,2021-01-07,3,128
Chinandega,2021-01-08,1,129
Chinandega,2021-01-12,2,130
Chinandega,2021-01-17,1,131
Chinandega,2021-01-22,3,131
Chinandega,2021-01-24,1,131
Chinandega,2021-01-26,1,131
Chinandega,2021-02-04,4,131
Chinandega,2021-02-05,4,132
Chinandega,2021-02-16,1,132
Chinandega,2021-03-06,1,133
Chinandega,2021-04-05,35,135
Chinandega,2021-04-12,2,135
Chinandega,2021-04-13,1,135
Chinandega,2021-04-15,1,135
Chinandega,2021-04-26,9,138
Chinandega,2021-04-28,3,138
Chinandega,2021-04-29,11,138
Chinandega,2021-05-01,1,138
Chinandega,2021-05-06,1,138
Chinandega,2021-05-08,2,139
Chinandega,2021-05-09,1,140
Chinandega,2021-05-10,1,140
Chinandega,2021-05-11,3,143
Chinandega,2021-05-12,3,144
Chinandega,2021-05-14,2,146
Chinandega,2021-05-15,1,146
Chinandega,2021-05-16,80,146
Chinandega,2021-05-19,2,148
Chinandega,2021-05-21,1,148
Chinandega,2021-05-24,5,151
Chinandega,2021-05-29,7,157
Chinandega,2021-05-30,1,158
Chinandega,2021-06-01,1,158
Chinandega,2021-06-12,14,162
Chinandega,2021-06-15,3,162
Chinandega,2021-06-29,1,162
Chinandega,2021-06-30,1,162
Chinandega,2021-07-09,6,163
Chinandega,2021-07-10,1,164
Chinandega,2021-08-04,1,164
Chinandega,2021-08-05,3,165
Chinandega,2021-08-09,1,165
Chinandega,2021-08-23,1,166
Chinandega,2021-08-26,2,168
Chinandega,2021-08-28,5,168
Chinandega,2021-08-29,1,168
Chinandega,2021-08-30,1,169
Chinandega,2021-09-02,3,169
Chinandega,2021-09-03,18,169
Chinandega,2021-09-05,3,170
Chinandega,2021-09-06,1,170
Chinandega,2021-09-07,1,170
Chinandega,2021-09-08,5,173
Chinandega,2021-09-09,1,173
Chinandega,2021-09-11,7,180
Chinandega,2021-09-12,40,192
Chinandega,2021-09-13,2,193
Chinandega,2021-09-14,1,194
Chinandega,2021-09-16,43,195
Chinandega,2021-09-17,2,197
Chinandega,2021-09-19,3,197
Chinandega,2021-09-20,19,198
Chinandega,2021-09-21,1,199
Chinandega,2021-09-22,1,200
Chinandega,2021-09-28,3,201
Chinandega,2021-10-01,2,203
Chinandega,2021-10-02,2,205
Chinandega,2021-10-07,4,207
Chinandega,2021-10-08,1,207
Chinandega,2021-10-09,2,209
Chinandega,2021-10-11,1,210
Chinandega,2021-10-14,1,211
Chontales,2020-03-25,3,0
Chontales,2020-03-31,2,0
Chontales,2020-04-06,1,0
Chontales,2020-04-10,1,0
Chontales,2020-04-11,2,0
Chontales,2020-04-18,18,0
Chontales,2020-04-20,1,1
Chontales,2020-05-07,4,2
Chontales,2020-05-08,2,2
Chontales,2020-05-09,1,2
Chontales,2020-05-15,1,3
Chontales,2020-05-17,9,3
Chontales,2020-05-19,3,3
Chontales,2020-05-23,2,4
Chontales,2020-05-25,4,5
Chontales,2020-05-26,1,5
Chontales,2020-05-27,1,6
Chontales,2020-05-28,3,7
Chontales,2020-05-29,2,7
Chontales,2020-06-01,1,7
Chontales,2020-06-02,2,9
Chontales,2020-06-04,2,11
Chontales,2020-06-06,1,13
Chontales,2020-06-07,1,14
Chontales,2020-06-08,2,16
Chontales,2020-06-09,1,17
Chontales,2020-06-12,3,18
Chontales,2020-06-13,2,19
Chontales,2020-06-14,2,21
Chontales,2020-06-15,1,22
Chontales,2020-06-16,5,25
Chontales,2020-06-17,1,25
Chontales,2020-06-18,4,26
Chontales,2020-06-19,15,30
Chontales,2020-06-20,5,35
Chontales,2020-06-21,2,36
Chontales,2020-06-22,1,38
Chontales,2020-06-23,1,39
Chontales,2020-06-26,2,40
Chontales,2020-06-27,1,41
Chontales,2020-06-28,2,43
Chontales,2020-06-29,1,44
Chontales,2020-06-30,4,46
Chontales,2020-07-01,3,48
Chontales,2020-07-02,5,51
Chontales,2020-07-05,2,53
Chontales,2020-07-06,1,54
Chontales,2020-07-08,1,55
Chontales,2020-07-10,13,69
Chontales,2020-07-11,1,70
Chontales,2020-07-12,1,71
Chontales,2020-07-14,2,72
Chontales,2020-07-15,1,73
Chontales,2020-07-16,1,74
Chontales,2020-07-18,2,77
Chontales,2020-07-21,10,87
Chontales,2020-07-22,1,87
Chontales,2020-07-26,1,87
Chontales,2020-07-27,2,89
Chontales,2020-07-28,2,90
Chontales,2020-07-31,1,93
Chontales,2020-08-01,1,94
Chontales,2020-08-02,5,95
Chontales,2020-08-03,1,96
Chontales,2020-08-04,2,98
Chontales,2020-08-05,1,99
Chontales,2020-08-09,1,100
Chontales,2020-08-18,2,101
Chontales,2020-08-19,1,101
Chontales,2020-08-20,1,101
Chontales,2020-09-04,2,102
Chontales,2020-09-10,3,105
Chontales,2020-09-17,2,106
Chontales,2020-09-18,1,106
Chontales,2020-10-08,1,106
Chontales,2020-11-25,11,108
Chontales,2020-11-30,1,108
Chontales,2020-12-15,1,108
Chontales,2021-01-05,5,109
Chontales,2021-01-27,2,109
Chontales,2021-04-03,1,109
Chontales,2021-04-06,5,109
Chontales,2021-04-07,1,109
Chontales,2021-04-18,1,110
Chontales,2021-04-24,5,110
Chontales,2021-05-06,1,110
Chontales,2021-05-11,1,110
Chontales,2021-05-12,10,110
Chontales,2021-05-16,1,111
Chontales,2021-05-17,5,111
Chontales,2021-05-23,1,111
Chontales,2021-05-26,1,112
Chontales,2021-05-31,4,113
Chontales,2021-06-02,25,115
Chontales,2021-06-04,4,116
Chontales,2021-06-06,1,117
Chontales,2021-06-07,2,118
Chontales,2021-06-08,3,118
Chontales,2021-06-12,2,118
Chontales,2021-06-26,1,119
Chontales,2021-07-01,3,120
Chontales,2021-07-08,3,121
Chontales,2021-07-09,1,121
Chontales,2021-07-12,2,121
Chontales,2021-07-14,5,125
Chontales,2021-07-28,2,126
Chontales,2021-07-30,1,127
Chontales,2021-08-04,1,127
Chontales,2021-08-05,3,130
Chontales,2021-08-09,5,130
Chontales,2021-08-10,1,131
Chontales,2021-08-17,21,132
Chontales,2021-08-18,3,132
Chontales,2021-08-23,43,136
Chontales,2021-08-24,2,136
Chontales,2021-08-26,45,137
Chontales,2021-08-27,7,137
Chontales,2021-08-28,2,138
Chontales,2021-08-29,3,139
Chontales,2021-08-30,7,143
Chontales,2021-08-31,15,150
Chontales,2021-09-01,13,154
Chontales,2021-09-02,10,154
Chontales,2021-09-03,55,162
Chontales,2021-09-04,2,164
Chontales,2021-09-05,5,167
Chontales,2021-09-06,9,172
Chontales,2021-09-07,4,176
Chontales,2021-09-08,1,177
Chontales,2021-09-09,1,178
Chontales,2021-09-10,7,179
Chontales,2021-09-11,1,179
Chontales,2021-09-12,11,182
Chontales,2021-09-13,4,184
Chontales,2021-09-14,2,185
Chontales,2021-09-15,7,189
Chontales,2021-09-16,3,191
Chontales,2021-09-17,7,193
Chontales,2021-09-18,26,195
Chontales,2021-09-19,7,201
Chontales,2021-09-20,2,201
Chontales,2021-09-21,24,220
Chontales,2021-09-22,6,222
Chontales,2021-09-23,5,223
Chontales,2021-09-24,9,230
Chontales,2021-09-25,1,232
Chontales,2021-09-26,6,236
Chontales,2021-09-27,1,237
Chontales,2021-09-28,4,239
Chontales,2021-09-29,6,239
Chontales,2021-10-01,4,241
Chontales,2021-10-02,2,241
Chontales,2021-10-03,42,242
Chontales,2021-10-04,4,244
Chontales,2021-10-05,6,244
Chontales,2021-10-06,5,244
Chontales,2021-10-07,13,246
Chontales,2021-10-08,2,246
Chontales,2021-10-09,1,246
Chontales,2021-10-11,1,246
Chontales,2021-10-15,3,247
Chontales,2021-10-17,7,247
Chontales,2021-10-19,1,249
Esteli,2020-03-19,8,0
Esteli,2020-03-20,4,0
Esteli,2020-03-24,1,0
Esteli,2020-03-25,1,0
Esteli,2020-03-29,2,0
Esteli,2020-03-31,2,0
Esteli,2020-04-08,1,0
Esteli,2020-04-09,1,1
Esteli,2020-04-19,2,1
Esteli,2020-04-21,2,2
Esteli,2020-04-25,1,2
Esteli,2020-04-29,1,2
Esteli,2020-04-30,3,2
Esteli,2020-05-04,2,2
Esteli,2020-05-06,1,2
Esteli,2020-05-12,4,2
Esteli,2020-05-15,1,2
Esteli,2020-05-17,3,2
Esteli,2020-05-18,1,3
Esteli,2020-05-20,3,3
Esteli,2020-05-21,3,3
Esteli,2020-05-22,5,4
Esteli,2020-05-23,1,4
Esteli,2020-05-25,1,5
Esteli,2020-05-26,23,5
Esteli,2020-05-27,2,6
Esteli,2020-05-28,4,7
Esteli,2020-05-29,3,7
Esteli,2020-05-31,1,7
Esteli,2020-06-01,2,8
Esteli,2020-06-02,4,9
Esteli,2020-06-03,12,11
Esteli,2020-06-04,7,13
Esteli,2020-06-05,9,18
Esteli,2020-06-06,5,21
Esteli,2020-06-07,2,21
Esteli,2020-06-08,11,25
Esteli,2020-06-09,9,26
Esteli,2020-06-10,7,27
Esteli,2020-06-11,3,28
Esteli,2020-06-12,4,29
Esteli,2020-06-13,7,34
Esteli,2020-06-14,6,36
Esteli,2020-06-15,7,40
Esteli,2020-06-16,11,45
Esteli,2020-06-17,31,49
Esteli,2020-06-18,56,54
Esteli,2020-06-19,11,57
Esteli,2020-06-20,8,59
Esteli,2020-06-21,15,63
Esteli,2020-06-22,9,67
Esteli,2020-06-23,7,71
Esteli,2020-06-24,1,72
Esteli,2020-06-25,2,73
Esteli,2020-06-27,1,73
Esteli,2020-06-28,2,74
Esteli,2020-06-29,5,75
Esteli,2020-06-30,2,76
Esteli,2020-07-01,3,77
Esteli,2020-07-02,39,84
Esteli,2020-07-03,6,87
Esteli,2020-07-04,9,87
Esteli,2020-07-05,2,87
Esteli,2020-07-06,6,88
Esteli,2020-07-07,13,96
Esteli,2020-07-08,14,103
Esteli,2020-07-09,9,104
Esteli,2020-07-10,7,110
Esteli,2020-07-12,5,110
Esteli,2020-07-13,7,111
Esteli,2020-07-14,6,111
Esteli,2020-07-15,7,112
Esteli,2020-07-16,1,113
Esteli,2020-07-17,6,114
Esteli,2020-07-18,1,115
Esteli,2020-07-19,4,118
Esteli,2020-07-21,6,118
Esteli,2020-07-22,8,120
Esteli,2020-07-24,16,120
Esteli,2020-07-26,1,121
Esteli,2020-07-29,4,121
Esteli,2020-07-31,2,122
Esteli,2020-08-02,3,123
Esteli,2020-08-03,1,123
Esteli,2020-08-04,2,124
Esteli,2020-08-05,2,124
Esteli,2020-08-06,1,124
Esteli,2020-08-07,4,125
Esteli,2020-08-12,1,125
Esteli,2020-08-13,13,125
Esteli,2020-08-14,6,125
Esteli,2020-08-17,1,125
Esteli,2020-08-19,4,126
Esteli,2020-08-21,1,126
Esteli,2020-08-22,31,126
Esteli,2020-08-23,15,127
Esteli,2020-08-24,4,127
Esteli,2020-08-25,4,127
Esteli,2020-08-26,3,128
Esteli,2020-08-28,1,129
Esteli,2020-08-29,2,129
Esteli,2020-08-31,4,129
Esteli,2020-09-01,4,130
Esteli,2020-09-05,1,131
Esteli,2020-09-12,18,131
Esteli,2020-09-16,2,131
Esteli,2020-09-17,11,133
Esteli,2020-09-23,1,134
Esteli,2020-09-24,4,134
Esteli,2020-10-02,2,136
Esteli,2020-10-07,2,138
Esteli,2020-10-28,3,138
Esteli,2020-11-02,2,140
Esteli,2020-11-04,8,140
Esteli,2020-11-09,6,140
Esteli,2020-11-11,1,140
Esteli,2020-11-16,2,140
Esteli,2020-11-17,1,140
Esteli,2020-11-18,1,140
Esteli,2020-11-25,2,141
Esteli,2020-11-27,2,142
Esteli,2020-11-29,4,142
Esteli,2020-12-01,1,143
Esteli,2020-12-02,3,144
Esteli,2020-12-03,6,144
Esteli,2020-12-04,1,144
Esteli,2020-12-08,4,144
Esteli,2020-12-15,1,144
Esteli,2020-12-16,1,144
Esteli,2020-12-19,5,144
Esteli,2020-12-26,1,145
Esteli,2021-01-02,4,146
Esteli,2021-01-05,1,147
Esteli,2021-01-06,3,150
Esteli,2021-01-07,1,150
Esteli,2021-01-08,1,150
Esteli,2021-01-13,3,152
Esteli,2021-01-15,5,154
Esteli,2021-01-20,1,156
Esteli,2021-01-21,2,158
Esteli,2021-01-25,1,158
Esteli,2021-01-26,2,158
Esteli,2021-01-28,1,159
Esteli,2021-02-05,1,159
Esteli,2021-02-12,2,162
Esteli,2021-02-17,3,162
Esteli,2021-02-18,70,162
Esteli,2021-02-20,5,162
Esteli,2021-02-21,1,162
Esteli,2021-03-03,3,162
Esteli,2021-03-05,2,162
Esteli,2021-03-22,3,162
Esteli,2021-04-05,3,162
Esteli,2021-04-13,2,162
Esteli,2021-04-20,1,163
Esteli,2021-04-22,3,163
Esteli,2021-04-24,2,163
Esteli,2021-04-25,2,165
Esteli,2021-04-27,4,166
Esteli,2021-04-28,1,166
Esteli,2021-05-06,2,167
Esteli,2021-05-08,4,168
Esteli,2021-05-09,7,168
Esteli,2021-05-11,1,168
Esteli,2021-05-12,6,168
Esteli,2021-05-13,30,178
Esteli,2021-05-14,7,178
Esteli,2021-05-17,3,178
Esteli,2021-05-18,2,179
Esteli,2021-05-19,1,179
Esteli,2021-05-20,21,179
Esteli,2021-05-21,20,179
Esteli,2021-05-24,6,183
Esteli,2021-05-27,2,184
Esteli,2021-05-29,1,184
Esteli,2021-05-30,2,184
Esteli,2021-05-31,3,184
Esteli,2021-06-02,1,184
Esteli,2021-06-03,20,184
Esteli,2021-06-05,4,185
Esteli,2021-06-06,2,186
Esteli,2021-06-07,1,186
Esteli,2021-06-09,2,186
Esteli,2021-06-12,1,186
Esteli,2021-06-14,2,187
Esteli,2021-06-17,2,187
Esteli,2021-06-23,1,187
Esteli,2021-06-28,5,190
Esteli,2021-06-30,1,191
Esteli,2021-07-03,1,192
Esteli,2021-07-05,9,192
Esteli,2021-07-08,3,192
Esteli,2021-07-09,1,193
Esteli,2021-07-11,1,194
Esteli,2021-07-12,2,194
Esteli,2021-07-13,2,195
Esteli,2021-07-16,1,196
Esteli,2021-07-17,3,196
Esteli,2021-07-19,5,196
Esteli,2021-07-20,2,196
Esteli,2021-07-21,1,196
Esteli,2021-07-22,22,197
Esteli,2021-07-23,3,197
Esteli,2021-07-26,6,198
Esteli,2021-07-27,1,199
Esteli,2021-07-28,3,201
Esteli,2021-07-29,1,202
Esteli,2021-08-01,4,202
Esteli,2021-08-02,4,202
Esteli,2021-08-03,3,204
Esteli,2021-08-04,13,204
Esteli,2021-08-05,5,204
Esteli,2021-08-06,9,206
Esteli,2021-08-07,4,208
Esteli,2021-08-08,14,211
Esteli,2021-08-09,6,212
Esteli,2021-08-10,10,216
Esteli,2021-08-11,1,217
Esteli,2021-08-13,15,217
Esteli,2021-08-14,2,217
Esteli,2021-08-15,13,223
Esteli,2021-08-16,18,229
Esteli,2021-08-17,15,233
Esteli,2021-08-18,27,234
Esteli,2021-08-19,6,234
Esteli,2021-08-20,8,237
Esteli,2021-08-21,84,240
Esteli,2021-08-22,2,241
Esteli,2021-08-23,3,243
Esteli,2021-08-24,3,244
Esteli,2021-08-25,42,246
Esteli,2021-08-26,19,252
Esteli,2021-08-27,9,257
Esteli,2021-08-28,7,259
Esteli,2021-08-29,9,264
Esteli,2021-08-30,20,270
Esteli,2021-08-31,12,271
Esteli,2021-09-01,6,272
Esteli,2021-09-02,4,275
Esteli,2021-09-03,9,280
Esteli,2021-09-04,7,280
Esteli,2021-09-05,5,281
Esteli,2021-09-06,3,283
Esteli,2021-09-07,22,292
Esteli,2021-09-08,7,296
Esteli,2021-09-09,4,300
Esteli,2021-09-10,11,304
Esteli,2021-09-11,4,306
Esteli,2021-09-12,12,314
Esteli,2021-09-13,12,319
Esteli,2021-09-14,2,319
Esteli,2021-09-15,1,320
Esteli,2021-09-16,2,322
Esteli,2021-09-17,16,330
Esteli,2021-09-18,13,338
Esteli,2021-09-19,3,340
Esteli,2021-09-20,30,343
Esteli,2021-09-21,26,355
Esteli,2021-09-22,17,365
Esteli,2021-09-23,16,369
Esteli,2021-09-25,2,372
Esteli,2021-09-26,19,382
Esteli,2021-09-27,12,387
Esteli,2021-09-29,7,394
Esteli,2021-09-30,2,396
Esteli,2021-10-02,1,397
Esteli,2021-10-04,3,398
Esteli,2021-10-05,26,399
Esteli,2021-10-06,3,399
Esteli,2021-10-08,3,400
Esteli,2021-10-09,1,401
Esteli,2021-10-12,4,401
Esteli,2021-10-13,1,402
Esteli,2021-10-14,1,403
Esteli,2021-10-15,3,404
Esteli,2021-10-16,1,405
Esteli,2021-10-17,1,406
Esteli,2021-10-19,4,406
Granada,2020-03-19,2,0
Granada,2020-04-07,1,0
Granada,2020-04-18,6,0
Granada,2020-04-19,1,0
Granada,2020-04-20,1,1
Granada,2020-04-21,3,1
Granada,2020-04-24,1,1
Granada,2020-04-25,1,1
Granada,2020-05-02,6,1
Granada,2020-05-05,3,1
Granada,2020-05-06,3,2
Granada,2020-05-07,5,3
Granada,2020-05-08,6,3
Granada,2020-05-09,3,3
Granada,2020-05-10,2,4
Granada,2020-05-11,1,4
Granada,2020-05-12,6,6
Granada,2020-05-13,2,6
Granada,2020-05-14,3,7
Granada,2020-05-15,1,8
Granada,2020-05-16,2,10
Granada,2020-05-17,3,11
Granada,2020-05-18,3,13
Granada,2020-05-19,1,14
Granada,2020-05-20,1,14
Granada,2020-05-21,3,16
Granada,2020-05-23,3,19
Granada,2020-05-26,1,25
Granada,2020-05-27,26,50
Granada,2020-05-28,3,53
Granada,2020-05-29,4,54
Granada,2020-05-30,2,54
Granada,2020-05-31,1,55
Granada,2020-06-01,3,58
Granada,2020-06-02,2,58
Granada,2020-06-03,6,58
Granada,2020-06-04,29,62
Granada,2020-06-05,2,62
Granada,2020-06-06,3,63
Granada,2020-06-07,4,66
Granada,2020-06-08,2,66
Granada,2020-06-09,4,67
Granada,2020-06-11,1,67
Granada,2020-06-12,5,68
Granada,2020-06-14,1,68
Granada,2020-06-15,2,69
Granada,2020-06-16,3,72
Granada,2020-06-17,2,74
Granada,2020-06-19,2,75
Granada,2020-06-23,4,76
Granada,2020-06-26,1,76
Granada,2020-06-27,1,76
Granada,2020-06-29,4,77
Granada,2020-07-02,1,77
Granada,2020-07-03,2,79
Granada,2020-07-04,3,82
Granada,2020-07-06,13,85
Granada,2020-07-08,3,86
Granada,2020-07-10,2,87
Granada,2020-07-12,1,88
Granada,2020-07-13,1,88
Granada,2020-07-16,4,91
Granada,2020-07-17,2,91
Granada,2020-07-18,3,92
Granada,2020-07-20,3,92
Granada,2020-07-21,12,93
Granada,2020-07-24,5,94
Granada,2020-07-26,3,96
Granada,2020-07-29,1,97
Granada,2020-08-03,2,98
Granada,2020-08-05,1,99
Granada,2020-08-06,1,99
Granada,2020-08-09,2,99
Granada,2020-08-11,6,101
Granada,2020-08-13,2,101
Granada,2020-08-14,1,101
Granada,2020-08-18,1,101
Granada,2020-08-27,17,104
Granada,2020-09-03,1,104
Granada,2020-09-04,1,104
Granada,2020-09-06,4,104
Granada,2020-10-01,1,104
Granada,2020-10-02,1,104
Granada,2020-10-20,2,104
Granada,2020-11-05,1,104
Granada,2020-11-06,5,104
Granada,2020-11-15,1,104
Granada,2020-11-18,3,104
Granada,2020-11-30,1,104
Granada,2020-12-02,5,104
Granada,2020-12-16,15,104
Granada,2020-12-18,1,104
Granada,2020-12-25,1,104
Granada,2021-01-05,2,104
Granada,2021-01-11,1,104
Granada,2021-01-23,1,104
Granada,2021-04-05,11,106
Granada,2021-04-06,1,106
Granada,2021-04-19,1,106
Granada,2021-04-22,9,106
Granada,2021-04-25,1,107
Granada,2021-04-27,9,107
Granada,2021-04-29,3,107
Granada,2021-04-30,32,114
Granada,2021-05-12,1,114
Granada,2021-05-13,1,115
Granada,2021-05-27,17,115
Granada,2021-05-31,1,115
Granada,2021-06-11,2,115
Granada,2021-06-14,1,116
Granada,2021-06-16,1,117
Granada,2021-06-23,19,118
Granada,2021-07-01,1,119
Granada,2021-07-05,2,120
Granada,2021-07-08,2,121
Granada,2021-07-10,8,121
Granada,2021-07-15,2,122
Granada,2021-07-16,1,122
Granada,2021-07-21,1,123
Granada,2021-08-16,3,126
Granada,2021-08-20,1,126
Granada,2021-08-21,1,126
Granada,2021-08-26,2,127
Granada,2021-08-27,1,127
Granada,2021-08-28,1,127
Granada,2021-09-01,7,133
Granada,2021-09-03,1,134
Granada,2021-09-05,13,136
Granada,2021-09-06,1,137
Granada,2021-09-07,5,137
Granada,2021-09-08,2,137
Granada,2021-09-10,3,138
Granada,2021-09-12,4,142
Granada,2021-09-14,64,142
Granada,2021-09-15,1,142
Granada,2021-09-16,58,146
Granada,2021-09-17,2,148
Granada,2021-09-20,2,150
Granada,2021-09-26,5,152
Granada,2021-09-29,2,154
Granada,2021-10-01,1,155
Granada,2021-10-02,1,155
Granada,2021-10-04,14,156
Granada,2021-10-05,1,156
Granada,2021-10-07,13,167
Granada,2021-10-08,62,184
Jinotega,2020-03-27,1,0
Jinotega,2020-04-17,1,0
Jinotega,2020-05-03,2,0
Jinotega,2020-05-04,1,0
Jinotega,2020-05-07,2,2
Jinotega,2020-05-08,1,3
Jinotega,2020-05-09,4,7
Jinotega,2020-05-12,1,7
Jinotega,2020-05-13,1,7
Jinotega,2020-05-15,2,7
Jinotega,2020-05-16,1,7
Jinotega,2020-05-18,2,7
Jinotega,2020-05-20,1,7
Jinotega,2020-05-21,4,7
Jinotega,2020-05-24,5,7
Jinotega,2020-05-25,1,7
Jinotega,2020-05-27,1,8
Jinotega,2020-05-28,3,8
Jinotega,2020-05-30,2,8
Jinotega,2020-05-31,23,15
Jinotega,2020-06-01,8,15
Jinotega,2020-06-02,3,16
Jinotega,2020-06-03,14,17
Jinotega,2020-06-04,7,20
Jinotega,2020-06-05,8,21
Jinotega,2020-06-06,6,21
Jinotega,2020-06-07,1,22
Jinotega,2020-06-08,5,22
Jinotega,2020-06-09,9,22
Jinotega,2020-06-10,2,24
Jinotega,2020-06-11,2,25
Jinotega,2020-06-12,12,29
Jinotega,2020-06-13,5,29
Jinotega,2020-06-14,5,29
Jinotega,2020-06-15,4,32
Jinotega,2020-06-16,29,32
Jinotega,2020-06-17,17,35
Jinotega,2020-06-18,4,35
Jinotega,2020-06-19,3,35
Jinotega,2020-06-20,2,35
Jinotega,2020-06-21,2,35
Jinotega,2020-06-22,11,39
Jinotega,2020-06-23,9,40
Jinotega,2020-06-25,2,41
Jinotega,2020-06-26,1,41
Jinotega,2020-06-27,2,43
Jinotega,2020-06-28,1,44
Jinotega,2020-06-30,6,46
Jinotega,2020-07-01,4,48
Jinotega,2020-07-02,1,48
Jinotega,2020-07-04,2,48
Jinotega,2020-07-05,2,49
Jinotega,2020-07-06,3,51
Jinotega,2020-07-07,5,55
Jinotega,2020-07-08,2,56
Jinotega,2020-07-09,2,57
Jinotega,2020-07-10,5,57
Jinotega,2020-07-13,6,60
Jinotega,2020-07-15,5,61
Jinotega,2020-07-16,1,62
Jinotega,2020-07-17,3,65
Jinotega,2020-07-20,1,66
Jinotega,2020-07-26,1,67
Jinotega,2020-07-27,2,67
Jinotega,2020-07-30,2,67
Jinotega,2020-08-02,5,67
Jinotega,2020-08-03,1,68
Jinotega,2020-08-04,6,74
Jinotega,2020-08-05,2,75
Jinotega,2020-08-07,1,75
Jinotega,2020-08-12,3,75
Jinotega,2020-08-13,3,75
Jinotega,2020-08-14,12,76
Jinotega,2020-08-27,1,77
Jinotega,2020-09-02,2,79
Jinotega,2020-09-04,1,80
Jinotega,2020-09-08,1,80
Jinotega,2020-09-13,9,81
Jinotega,2020-09-17,11,81
Jinotega,2020-09-27,6,81
Jinotega,2020-09-28,4,81
Jinotega,2020-10-03,2,81
Jinotega,2020-10-04,1,82
Jinotega,2020-10-14,1,83
Jinotega,2020-11-15,4,83
Jinotega,2020-11-16,3,83
Jinotega,2020-11-17,4,85
Jinotega,2020-11-18,2,85
Jinotega,2020-12-01,1,85
Jinotega,2020-12-03,1,85
Jinotega,2020-12-11,9,86
Jinotega,2020-12-12,1,86
Jinotega,2020-12-15,1,86
Jinotega,2020-12-16,6,86
Jinotega,2021-01-05,1,87
Jinotega,2021-01-07,1,87
Jinotega,2021-01-13,20,87
Jinotega,2021-01-17,1,87
Jinotega,2021-01-21,6,92
Jinotega,2021-01-26,1,93
Jinotega,2021-02-02,4,93
Jinotega,2021-02-11,3,93
Jinotega,2021-02-25,8,93
Jinotega,2021-02-27,1,93
Jinotega,2021-03-01,1,93
Jinotega,2021-03-03,26,106
Jinotega,2021-03-11,1,106
Jinotega,2021-03-29,6,106
Jinotega,2021-04-02,13,106
Jinotega,2021-04-17,1,107
Jinotega,2021-04-18,1,108
Jinotega,2021-04-21,2,110
Jinotega,2021-04-22,2,110
Jinotega,2021-04-23,1,111
Jinotega,2021-04-24,3,114
Jinotega,2021-04-26,27,115
Jinotega,2021-04-27,6,118
Jinotega,2021-04-30,5,118
Jinotega,2021-05-01,6,118
Jinotega,2021-05-03,63,119
Jinotega,2021-05-04,51,146
Jinotega,2021-05-05,11,146
Jinotega,2021-05-08,3,146
Jinotega,2021-05-10,4,146
Jinotega,2021-05-12,127,148
Jinotega,2021-05-13,17,148
Jinotega,2021-05-14,17,148
Jinotega,2021-05-18,18,148
Jinotega,2021-05-19,26,148
Jinotega,2021-05-20,10,148
Jinotega,2021-05-21,6,148
Jinotega,2021-05-22,4,149
Jinotega,2021-05-23,8,150
Jinotega,2021-05-24,6,150
Jinotega,2021-05-25,13,150
Jinotega,2021-05-26,112,150
Jinotega,2021-05-28,1,150
Jinotega,2021-06-04,1,150
Jinotega,2021-06-08,3,150
Jinotega,2021-06-12,4,150
Jinotega,2021-06-15,18,150
Jinotega,2021-06-16,18,150
Jinotega,2021-06-23,19,150
Jinotega,2021-06-24,18,150
Jinotega,2021-06-25,18,150
Jinotega,2021-06-26,23,151
Jinotega,2021-06-27,18,151
Jinotega,2021-06-28,18,151
Jinotega,2021-06-30,11,151
Jinotega,2021-07-01,1,151
Jinotega,2021-07-02,1,153
Jinotega,2021-07-14,2,154
Jinotega,2021-07-20,2,155
Jinotega,2021-07-26,1,155
Jinotega,2021-08-02,1,155
Jinotega,2021-08-08,4,159
Jinotega,2021-08-09,4,159
Jinotega,2021-08-11,10,166
Jinotega,2021-08-13,1,167
Jinotega,2021-08-14,2,169
Jinotega,2021-08-17,4,170
Jinotega,2021-08-21,3,171
Jinotega,2021-08-22,2,172
Jinotega,2021-08-24,5,172
Jinotega,2021-08-27,1,172
Jinotega,2021-08-28,1,173
Jinotega,2021-08-29,2,174
Jinotega,2021-08-30,13,174
Jinotega,2021-08-31,3,176
Jinotega,2021-09-01,4,179
Jinotega,2021-09-02,2,180
Jinotega,2021-09-03,11,181
Jinotega,2021-09-04,8,181
Jinotega,2021-09-05,3,181
Jinotega,2021-09-06,1,182
Jinotega,2021-09-07,3,182
Jinotega,2021-09-08,2,183
Jinotega,2021-09-09,1,184
Jinotega,2021-09-10,4,187
Jinotega,2021-09-12,2,189
Jinotega,2021-09-13,3,190
Jinotega,2021-09-15,3,193
Jinotega,2021-09-16,42,194
Jinotega,2021-09-17,3,195
Jinotega,2021-09-20,7,198
Jinotega,2021-09-23,3,201
Jinotega,2021-09-24,14,208
Jinotega,2021-09-25,3,211
Jinotega,2021-09-26,3,211
Jinotega,2021-09-28,1,213
Jinotega,2021-09-29,2,215
Jinotega,2021-09-30,5,216
Jinotega,2021-10-03,3,218
Jinotega,2021-10-06,7,219
Jinotega,2021-10-12,1,222
Jinotega,2021-10-13,1,223
Leon,2020-03-24,1,0
Leon,2020-03-26,1,0
Leon,2020-03-29,3,1
Leon,2020-03-30,2,1
Leon,2020-04-02,2,1
Leon,2020-04-06,4,1
Leon,2020-04-07,1,1
Leon,2020-04-09,1,1
Leon,2020-04-21,2,2
Leon,2020-04-22,1,3
Leon,2020-04-23,4,3
Leon,2020-04-24,1,3
Leon,2020-04-25,1,3
Leon,2020-05-02,4,4
Leon,2020-05-03,1,4
Leon,2020-05-04,1,4
Leon,2020-05-06,4,4
Leon,2020-05-07,2,5
Leon,2020-05-08,3,6
Leon,2020-05-10,3,6
Leon,2020-05-12,1,6
Leon,2020-05-13,3,7
Leon,2020-05-14,2,8
Leon,2020-05-15,1,8
Leon,2020-05-16,3,9
Leon,2020-05-17,7,12
Leon,2020-05-18,7,17
Leon,2020-05-19,6,18
Leon,2020-05-20,12,19
Leon,2020-05-21,14,26
Leon,2020-05-22,10,29
Leon,2020-05-23,7,33
Leon,2020-05-24,9,37
Leon,2020-05-25,9,37
Leon,2020-05-26,12,45
Leon,2020-05-27,39,53
Leon,2020-05-28,20,61
Leon,2020-05-29,10,65
Leon,2020-05-30,19,67
Leon,2020-05-31,9,75
Leon,2020-06-01,16,77
Leon,2020-06-02,2,79
Leon,2020-06-03,14,86
Leon,2020-06-04,14,94
Leon,2020-06-05,6,96
Leon,2020-06-06,12,99
Leon,2020-06-07,17,103
Leon,2020-06-08,10,109
Leon,2020-06-09,5,111
Leon,2020-06-10,10,114
Leon,2020-06-11,6,115
Leon,2020-06-12,6,117
Leon,2020-06-13,4,120
Leon,2020-06-14,2,123
Leon,2020-06-15,25,123
Leon,2020-06-16,15,129
Leon,2020-06-17,15,130
Leon,2020-06-18,6,131
Leon,2020-06-19,9,132
Leon,2020-06-20,7,134
Leon,2020-06-21,4,135
Leon,2020-06-22,2,135
Leon,2020-06-23,4,136
Leon,2020-06-24,5,137
Leon,2020-06-25,3,138
Leon,2020-06-26,12,143
Leon,2020-06-27,7,147
Leon,2020-06-28,18,151
Leon,2020-06-29,3,152
Leon,2020-06-30,5,153
Leon,2020-07-01,37,154
Leon,2020-07-02,3,156
Leon,2020-07-03,2,158
Leon,2020-07-04,3,159
Leon,2020-07-05,2,159
Leon,2020-07-06,3,161
Leon,2020-07-07,11,170
Leon,2020-07-08,21,172
Leon,2020-07-09,5,173
Leon,2020-07-12,1,174
Leon,2020-07-13,1,174
Leon,2020-07-16,4,177
Leon,2020-07-17,18,180
Leon,2020-07-19,3,180
Leon,2020-07-21,2,182
Leon,2020-07-22,2,182
Leon,2020-07-24,25,182
Leon,2020-07-25,2,182
Leon,2020-07-26,3,184
Leon,2020-07-27,3,184
Leon,2020-07-29,2,184
Leon,2020-07-30,4,184
Leon,2020-08-01,3,184
Leon,2020-08-02,1,184
Leon,2020-08-05,3,186
Leon,2020-08-08,1,189
Leon,2020-08-09,1,189
Leon,2020-08-11,4,189
Leon,2020-08-12,12,189
Leon,2020-08-13,4,189
Leon,2020-08-14,10,191
Leon,2020-08-17,1,191
Leon,2020-08-18,6,192
Leon,2020-08-21,4,192
Leon,2020-08-22,5,193
Leon,2020-08-23,2,193
Leon,2020-08-24,1,193
Leon,2020-08-26,1,193
Leon,2020-08-28,2,194
Leon,2020-08-30,1,194
Leon,2020-08-31,1,194
Leon,2020-09-01,3,194
Leon,2020-09-02,11,195
Leon,2020-09-03,8,195
Leon,2020-09-04,3,195
Leon,2020-09-05,1,195
Leon,2020-09-06,1,195
Leon,2020-09-09,2,195
Leon,2020-09-10,2,197
Leon,2020-09-13,1,197
Leon,2020-09-16,3,197
Leon,2020-09-17,6,198
Leon,2020-09-19,1,198
Leon,2020-09-20,1,198
Leon,2020-09-25,5,201
Leon,2020-09-30,1,201
Leon,2020-10-03,4,202
Leon,2020-10-07,1,202
Leon,2020-10-08,3,202
Leon,2020-10-11,2,202
Leon,2020-10-14,1,202
Leon,2020-10-19,1,202
Leon,2020-10-28,8,202
Leon,2020-10-29,11,202
Leon,2020-11-02,5,202
Leon,2020-11-05,1,202
Leon,2020-11-09,1,202
Leon,2020-11-10,2,202
Leon,2020-11-17,2,202
Leon,2020-11-23,1,202
Leon,2020-11-25,1,202
Leon,2020-12-02,2,202
Leon,2020-12-03,3,203
Leon,2020-12-04,16,203
Leon,2020-12-05,1,203
Leon,2020-12-07,1,204
Leon,2020-12-09,2,204
Leon,2020-12-10,7,206
Leon,2020-12-11,1,206
Leon,2020-12-13,1,206
Leon,2020-12-15,20,209
Leon,2020-12-16,11,212
Leon,2020-12-17,6,212
Leon,2020-12-19,3,213
Leon,2020-12-21,1,214
Leon,2020-12-26,1,215
Leon,2020-12-30,7,216
Leon,2020-12-31,1,216
Leon,2021-01-01,1,216
Leon,2021-01-02,4,217
Leon,2021-01-03,3,219
Leon,2021-01-04,4,220
Leon,2021-01-07,29,220
Leon,2021-01-08,8,220
Leon,2021-01-09,1,220
Leon,2021-01-11,2,222
Leon,2021-01-12,1,223
Leon,2021-01-13,1,223
Leon,2021-01-15,15,225
Leon,2021-01-17,3,225
Leon,2021-01-19,1,225
Leon,2021-01-20,1,226
Leon,2021-01-22,12,229
Leon,2021-01-23,1,229
Leon,2021-01-24,2,230
Leon,2021-01-25,2,231
Leon,2021-01-27,7,231
Leon,2021-01-28,2,231
Leon,2021-01-29,3,232
Leon,2021-02-01,2,232
Leon,2021-02-04,2,232
Leon,2021-02-08,1,232
Leon,2021-02-11,1,232
Leon,2021-02-15,3,236
Leon,2021-02-19,4,236
Leon,2021-02-25,1,236
Leon,2021-03-01,1,236
Leon,2021-03-04,9,236
Leon,2021-03-07,2,236
Leon,2021-03-08,2,236
Leon,2021-03-10,1,237
Leon,2021-03-11,1,238
Leon,2021-03-13,9,238
Leon,2021-03-15,3,238
Leon,2021-03-17,1,239
Leon,2021-03-19,6,239
Leon,2021-03-22,1,240
Leon,2021-03-24,5,240
Leon,2021-03-26,7,242
Leon,2021-03-27,7,243
Leon,2021-03-31,1,244
Leon,2021-04-01,1,245
Leon,2021-04-05,4,245
Leon,2021-04-10,9,245
Leon,2021-04-11,1,246
Leon,2021-04-12,4,247
Leon,2021-04-19,3,247
Leon,2021-04-22,8,247
Leon,2021-04-25,5,247
Leon,2021-04-26,1,247
Leon,2021-04-27,1,247
Leon,2021-04-28,2,247
Leon,2021-05-04,8,247
Leon,2021-05-05,3,248
Leon,2021-05-06,7,248
Leon,2021-05-11,2,248
Leon,2021-05-12,1,248
Leon,2021-05-13,3,248
Leon,2021-05-14,10,249
Leon,2021-05-15,1,249
Leon,2021-05-18,6,249
Leon,2021-05-19,3,251
Leon,2021-05-20,8,252
Leon,2021-05-21,5,252
Leon,2021-05-22,5,252
Leon,2021-05-24,7,253
Leon,2021-05-25,18,253
Leon,2021-05-26,9,255
Leon,2021-05-27,86,258
Leon,2021-06-01,38,261
Leon,2021-06-02,73,267
Leon,2021-06-03,65,272
Leon,2021-06-04,1,272
Leon,2021-06-05,7,272
Leon,2021-06-06,2,272
Leon,2021-06-07,2,273
Leon,2021-06-08,4,273
Leon,2021-06-09,2,273
Leon,2021-06-10,1,274
Leon,2021-06-16,1,275
Leon,2021-06-17,4,276
Leon,2021-06-19,1,277
Leon,2021-06-21,1,278
Leon,2021-06-23,5,278
Leon,2021-06-25,2,278
Leon,2021-06-27,2,278
Leon,2021-06-29,1,278
Leon,2021-06-30,2,278
Leon,2021-07-02,1,279
Leon,2021-07-03,4,282
Leon,2021-07-04,1,283
Leon,2021-07-05,1,284
Leon,2021-07-08,2,285
Leon,2021-07-10,4,286
Leon,2021-07-12,5,290
Leon,2021-07-13,3,290
Leon,2021-07-14,2,290
Leon,2021-07-17,3,290
Leon,2021-07-18,2,291
Leon,2021-07-22,1,291
Leon,2021-07-23,2,292
Leon,2021-07-24,2,292
Leon,2021-07-25,4,293
Leon,2021-07-27,2,293
Leon,2021-07-28,3,294
Leon,2021-07-30,1,294
Leon,2021-08-01,3,295
Leon,2021-08-02,7,299
Leon,2021-08-04,1,299
Leon,2021-08-05,2,299
Leon,2021-08-06,8,301
Leon,2021-08-09,2,302
Leon,2021-08-10,2,302
Leon,2021-08-11,3,304
Leon,2021-08-12,2,306
Leon,2021-08-13,10,310
Leon,2021-08-14,1,310
Leon,2021-08-16,1,311
Leon,2021-08-17,3,313
Leon,2021-08-18,7,313
Leon,2021-08-20,3,313
Leon,2021-08-21,6,313
Leon,2021-08-22,1,314
Leon,2021-08-23,9,314
Leon,2021-08-24,3,314
Leon,2021-08-25,13,326
Leon,2021-08-27,2,327
Leon,2021-08-28,7,331
Leon,2021-08-29,8,332
Leon,2021-08-30,13,336
Leon,2021-08-31,17,339
Leon,2021-09-01,14,339
Leon,2021-09-02,8,339
Leon,2021-09-03,18,347
Leon,2021-09-04,1,348
Leon,2021-09-05,8,354
Leon,2021-09-06,30,359
Leon,2021-09-07,26,360
Leon,2021-09-08,16,370
Leon,2021-09-09,8,373
Leon,2021-09-10,11,379
Leon,2021-09-11,7,385
Leon,2021-09-12,3,388
Leon,2021-09-13,9,390
Leon,2021-09-14,7,392
Leon,2021-09-15,3,393
Leon,2021-09-16,25,394
Leon,2021-09-17,8,398
Leon,2021-09-18,14,409
Leon,2021-09-19,14,411
Leon,2021-09-20,39,418
Leon,2021-09-21,10,426
Leon,2021-09-22,10,431
Leon,2021-09-23,12,439
Leon,2021-09-24,8,443
Leon,2021-09-25,1,444
Leon,2021-09-26,2,445
Leon,2021-09-27,1,448
Leon,2021-09-28,9,453
Leon,2021-09-29,1,454
Leon,2021-10-02,1,456
Leon,2021-10-03,4,457
Leon,2021-10-04,8,462
Leon,2021-10-05,2,464
Leon,2021-10-06,3,467
Leon,2021-10-07,6,470
Leon,2021-10-08,1,471
Leon,2021-10-09,3,474
Leon,2021-10-10,4,475
Leon,2021-10-11,2,476
Leon,2021-10-13,2,478
Leon,2021-10-14,5,481
Leon,2021-10-16,1,482
Leon,2021-10-18,1,483
Leon,2021-10-19,2,484
Leon,2021-10-20,2,486
Madriz,2020-03-19,1,0
Madriz,2020-03-21,1,0
Madriz,2020-04-02,2,0
Madriz,2020-04-03,3,1
Madriz,2020-04-04,4,1
Madriz,2020-04-13,1,1
Madriz,2020-04-14,2,1
Madriz,2020-04-28,1,1
Madriz,2020-05-02,1,1
Madriz,2020-05-04,3,1
Madriz,2020-05-09,1,1
Madriz,2020-05-16,1,1
Madriz,2020-05-18,2,2
Madriz,2020-05-21,4,2
Madriz,2020-05-25,2,3
Madriz,2020-05-27,6,5
Madriz,2020-06-01,22,6
Madriz,2020-06-03,5,6
Madriz,2020-06-04,6,6
Madriz,2020-06-05,12,6
Madriz,2020-06-06,4,6
Madriz,2020-06-07,3,6
Madriz,2020-06-08,4,6
Madriz,2020-06-09,9,6
Madriz,2020-06-10,2,6
Madriz,2020-06-11,4,8
Madriz,2020-06-12,12,10
Madriz,2020-06-14,6,10
Madriz,2020-06-15,4,10
Madriz,2020-06-16,17,10
Madriz,2020-06-17,2,10
Madriz,2020-06-19,9,12
Madriz,2020-06-20,11,13
Madriz,2020-06-21,1,14
Madriz,2020-06-22,1,14
Madriz,2020-06-23,15,14
Madriz,2020-06-24,1,15
Madriz,2020-06-26,11,17
Madriz,2020-06-27,4,18
Madriz,2020-06-28,10,20
Madriz,2020-06-29,3,21
Madriz,2020-07-01,1,21
Madriz,2020-07-02,4,21
Madriz,2020-07-03,15,23
Madriz,2020-07-04,1,23
Madriz,2020-07-05,4,23
Madriz,2020-07-06,3,23
Madriz,2020-07-07,2,24
Madriz,2020-07-08,2,25
Madriz,2020-07-09,5,25
Madriz,2020-07-10,3,27
Madriz,2020-07-11,5,31
Madriz,2020-07-13,5,32
Madriz,2020-07-14,2,33
Madriz,2020-07-16,8,37
Madriz,2020-07-17,2,37
Madriz,2020-07-18,3,39
Madriz,2020-07-19,1,39
Madriz,2020-07-20,1,39
Madriz,2020-07-21,2,39
Madriz,2020-07-23,2,39
Madriz,2020-07-24,4,40
Madriz,2020-07-25,7,40
Madriz,2020-07-26,8,40
Madriz,2020-07-28,4,40
Madriz,2020-07-29,2,41
Madriz,2020-07-30,13,45
Madriz,2020-08-01,2,46
Madriz,2020-08-02,8,48
Madriz,2020-08-03,4,48
Madriz,2020-08-05,12,49
Madriz,2020-08-06,10,49
Madriz,2020-08-07,4,49
Madriz,2020-08-08,5,49
Madriz,2020-08-09,3,49
Madriz,2020-08-10,12,50
Madriz,2020-08-11,4,52
Madriz,2020-08-12,3,52
Madriz,2020-08-14,6,53
Madriz,2020-08-15,4,53
Madriz,2020-08-19,8,54
Madriz,2020-08-20,5,55
Madriz,2020-08-21,15,56
Madriz,2020-08-22,2,56
Madriz,2020-08-23,8,56
Madriz,2020-08-25,3,56
Madriz,2020-08-28,1,56
Madriz,2020-08-31,19,57
Madriz,2020-09-01,1,57
Madriz,2020-09-04,6,57
Madriz,2020-09-05,2,57
Madriz,2020-09-06,2,57
Madriz,2020-09-08,1,57
Madriz,2020-09-09,2,57
Madriz,2020-09-10,1,57
Madriz,2020-09-11,1,57
Madriz,2020-09-16,3,58
Madriz,2020-09-17,1,59
Madriz,2020-09-18,2,59
Madriz,2020-09-25,5,60
Madriz,2020-09-30,7,60
Madriz,2020-10-03,3,62
Madriz,2020-10-10,1,63
Madriz,2020-10-11,17,67
Madriz,2020-10-16,2,67
Madriz,2020-10-20,5,67
Madriz,2020-10-28,8,68
Madriz,2020-10-29,3,69
Madriz,2020-10-31,1,69
Madriz,2020-11-03,1,69
Madriz,2020-11-08,5,69
Madriz,2020-11-10,2,69
Madriz,2020-11-11,6,69
Madriz,2020-11-18,1,69
Madriz,2020-11-22,3,69
Madriz,2020-11-25,1,69
Madriz,2020-11-30,2,70
Madriz,2020-12-01,14,70
Madriz,2020-12-03,1,70
Madriz,2020-12-08,4,70
Madriz,2020-12-09,1,70
Madriz,2020-12-11,1,70
Madriz,2020-12-14,2,70
Madriz,2020-12-17,1,70
Madriz,2020-12-24,7,70
Madriz,2021-01-01,2,70
Madriz,2021-01-02,1,70
Madriz,2021-01-04,2,72
Madriz,2021-01-05,2,73
Madriz,2021-01-06,5,73
Madriz,2021-01-07,12,73
Madriz,2021-01-11,5,73
Madriz,2021-01-12,1,73
Madriz,2021-01-15,1,74
Madriz,2021-01-20,3,74
Madriz,2021-01-22,1,74
Madriz,2021-01-27,1,74
Madriz,2021-02-05,2,76
Madriz,2021-02-06,4,76
Madriz,2021-02-11,1,76
Madriz,2021-02-15,1,76
Madriz,2021-03-05,2,77
Madriz,2021-04-12,1,78
Madriz,2021-04-22,5,80
Madriz,2021-04-23,1,81
Madriz,2021-04-25,6,81
Madriz,2021-04-26,1,81
Madriz,2021-05-01,3,81
Madriz,2021-05-05,1,82
Madriz,2021-05-08,9,82
Madriz,2021-05-23,1,82
Madriz,2021-05-24,7,82
Madriz,2021-05-27,2,82
Madriz,2021-05-28,4,82
Madriz,2021-06-04,5,82
Madriz,2021-06-10,8,83
Madriz,2021-06-11,5,84
Madriz,2021-06-12,56,85
Madriz,2021-06-29,4,88
Madriz,2021-06-30,5,92
Madriz,2021-07-01,6,92
Madriz,2021-07-02,1,93
Madriz,2021-07-04,1,93
Madriz,2021-07-05,5,94
Madriz,2021-07-07,37,94
Madriz,2021-07-08,1,94
Madriz,2021-07-11,4,94
Madriz,2021-07-13,1,95
Madriz,2021-07-15,1,97
Madriz,2021-07-16,10,97
Madriz,2021-07-17,5,97
Madriz,2021-07-18,4,97
Madriz,2021-07-28,30,98
Madriz,2021-07-29,7,98
Madriz,2021-07-31,6,99
Madriz,2021-08-04,15,100
Madriz,2021-08-05,24,101
Madriz,2021-08-06,7,101
Madriz,2021-08-07,15,102
Madriz,2021-08-08,1,103
Madriz,2021-08-09,1,104
Madriz,2021-08-10,16,106
Madriz,2021-08-11,15,108
Madriz,2021-08-12,39,113
Madriz,2021-08-13,5,115
Madriz,2021-08-15,43,117
Madriz,2021-08-16,19,117
Madriz,2021-08-17,75,120
Madriz,2021-08-19,26,122
Madriz,2021-08-20,15,122
Madriz,2021-08-22,3,122
Madriz,2021-08-23,30,124
Madriz,2021-08-24,36,128
Madriz,2021-08-26,15,130
Madriz,2021-08-27,25,136
Madriz,2021-08-29,49,141
Madriz,2021-08-30,1,141
Madriz,2021-08-31,98,143
Madriz,2021-09-01,26,148
Madriz,2021-09-02,90,153
Madriz,2021-09-03,149,176
Madriz,2021-09-05,56,178
Madriz,2021-09-06,70,179
Madriz,2021-09-07,47,182
Madriz,2021-09-08,45,194
Madriz,2021-09-10,119,198
Madriz,2021-09-12,89,201
Madriz,2021-09-14,98,212
Madriz,2021-09-15,101,212
Madriz,2021-09-16,86,215
Madriz,2021-09-17,40,215
Madriz,2021-09-18,22,221
Madriz,2021-09-20,1,222
Madriz,2021-09-21,373,234
Madriz,2021-09-22,12,237
Madriz,2021-09-23,121,245
Madriz,2021-09-25,152,245
Madriz,2021-09-26,95,248
Madriz,2021-09-27,127,251
Madriz,2021-09-30,84,255
Madriz,2021-10-01,71,258
Madriz,2021-10-02,1,260
Madriz,2021-10-04,89,262
Madriz,2021-10-05,70,263
Madriz,2021-10-07,67,263
Madriz,2021-10-08,61,264
Madriz,2021-10-10,36,267
Madriz,2021-10-11,29,268
Madriz,2021-10-12,26,269
Madriz,2021-10-14,37,271
Madriz,2021-10-15,31,274
Madriz,2021-10-17,28,275
Managua,2020-03-19,2,0
Managua,2020-03-20,12,0
Managua,2020-03-21,6,0
Managua,2020-03-23,7,0
Managua,2020-03-24,7,0
Managua,2020-03-25,1,0
Managua,2020-03-26,1,0
Managua,2020-03-27,2,0
Managua,2020-03-28,2,0
Managua,2020-03-29,1,0
Managua,2020-03-30,2,0
Managua,2020-03-31,5,0
Managua,2020-04-01,9,0
Managua,2020-04-02,15,0
Managua,2020-04-03,1,0
Managua,2020-04-04,5,0
Managua,2020-04-05,1,0
Managua,2020-04-06,2,0
Managua,2020-04-07,2,0
Managua,2020-04-08,1,0
Managua,2020-04-09,4,0
Managua,2020-04-10,2,0
Managua,2020-04-12,1,0
Managua,2020-04-13,1,0
Managua,2020-04-14,5,0
Managua,2020-04-15,2,1
Managua,2020-04-16,6,2
Managua,2020-04-18,1,2
Managua,2020-04-20,5,2
Managua,2020-04-21,2,2
Managua,2020-04-22,2,2
Managua,2020-04-23,7,3
Managua,2020-04-24,4,4
Managua,2020-04-25,15,7
Managua,2020-04-26,6,10
Managua,2020-04-27,7,11
Managua,2020-04-28,15,14
Managua,2020-04-29,9,17
Managua,2020-04-30,6,17
Managua,2020-05-01,8,18
Managua,2020-05-02,29,21
Managua,2020-05-03,86,24
Managua,2020-05-04,44,24
Managua,2020-05-05,29,24
Managua,2020-05-06,20,25
Managua,2020-05-07,41,38
Managua,2020-05-08,42,61
Managua,2020-05-09,76,96
Managua,2020-05-10,17,103
Managua,2020-05-11,71,113
Managua,2020-05-12,43,118
Managua,2020-05-13,57,133
Managua,2020-05-14,70,140
Managua,2020-05-15,46,148
Managua,2020-05-16,61,163
Managua,2020-05-17,57,174
Managua,2020-05-18,123,182
Managua,2020-05-19,57,203
Managua,2020-05-20,68,207
Managua,2020-05-21,48,222
Managua,2020-05-22,129,263
Managua,2020-05-23,36,274
Managua,2020-05-24,36,288
Managua,2020-05-25,96,317
Managua,2020-05-26,58,334
Managua,2020-05-27,103,355
Managua,2020-05-28,81,365
Managua,2020-05-29,47,374
Managua,2020-05-30,83,391
Managua,2020-05-31,46,404
Managua,2020-06-01,86,428
Managua,2020-06-02,61,440
Managua,2020-06-03,51,455
Managua,2020-06-04,64,472
Managua,2020-06-05,87,490
Managua,2020-06-06,20,495
Managua,2020-06-07,60,521
Managua,2020-06-08,88,539
Managua,2020-06-09,15,544
Managua,2020-06-10,27,549
Managua,2020-06-11,34,560
Managua,2020-06-12,46,565
Managua,2020-06-13,16,568
Managua,2020-06-14,59,580
Managua,2020-06-15,59,593
Managua,2020-06-16,44,607
Managua,2020-06-17,35,616
Managua,2020-06-18,38,631
Managua,2020-06-19,67,645
Managua,2020-06-20,36,657
Managua,2020-06-21,36,671
Managua,2020-06-22,49,688
Managua,2020-06-23,49,693
Managua,2020-06-24,35,701
Managua,2020-06-25,17,707
Managua,2020-06-26,61,725
Managua,2020-06-27,18,733
Managua,2020-06-28,18,739
Managua,2020-06-29,51,746
Managua,2020-06-30,29,754
Managua,2020-07-01,25,757
Managua,2020-07-02,28,759
Managua,2020-07-03,8,759
Managua,2020-07-04,3,760
Managua,2020-07-05,9,761
Managua,2020-07-06,33,778
Managua,2020-07-07,31,786
Managua,2020-07-08,15,789
Managua,2020-07-09,25,792
Managua,2020-07-10,9,793
Managua,2020-07-11,3,796
Managua,2020-07-12,1,796
Managua,2020-07-13,10,796
Managua,2020-07-14,7,797
Managua,2020-07-15,14,798
Managua,2020-07-16,4,800
Managua,2020-07-17,3,800
Managua,2020-07-18,4,802
Managua,2020-07-19,18,802
Managua,2020-07-20,7,804
Managua,2020-07-21,4,804
Managua,2020-07-22,6,804
Managua,2020-07-23,4,808
Managua,2020-07-24,12,809
Managua,2020-07-25,2,809
Managua,2020-07-26,3,810
Managua,2020-07-27,1,811
Managua,2020-07-28,7,811
Managua,2020-07-29,3,811
Managua,2020-07-30,1,812
Managua,2020-07-31,6,812
Managua,2020-08-01,15,813
Managua,2020-08-02,12,813
Managua,2020-08-03,4,814
Managua,2020-08-04,18,816
Managua,2020-08-05,11,817
Managua,2020-08-06,1,817
Managua,2020-08-07,8,819
Managua,2020-08-08,2,819
Managua,2020-08-09,4,819
Managua,2020-08-10,1,819
Managua,2020-08-11,6,819
Managua,2020-08-12,4,820
Managua,2020-08-13,4,820
Managua,2020-08-14,3,820
Managua,2020-08-15,1,820
Managua,2020-08-17,4,820
Managua,2020-08-18,4,821
Managua,2020-08-20,7,824
Managua,2020-08-23,1,824
Managua,2020-08-25,2,824
Managua,2020-08-26,2,824
Managua,2020-08-27,6,825
Managua,2020-08-31,1,825
Managua,2020-09-01,3,825
Managua,2020-09-02,10,825
Managua,2020-09-03,1,825
Managua,2020-09-04,3,825
Managua,2020-09-06,3,825
Managua,2020-09-08,2,825
Managua,2020-09-09,3,825
Managua,2020-09-10,2,826
Managua,2020-09-15,7,826
Managua,2020-09-16,9,829
Managua,2020-09-17,3,830
Managua,2020-09-19,1,830
Managua,2020-09-20,1,830
Managua,2020-09-22,5,831
Managua,2020-09-23,13,832
Managua,2020-09-24,1,832
Managua,2020-09-25,3,833
Managua,2020-09-27,1,834
Managua,2020-09-29,40,834
Managua,2020-09-30,1,835
Managua,2020-10-01,6,835
Managua,2020-10-02,8,835
Managua,2020-10-03,22,837
Managua,2020-10-04,11,837
Managua,2020-10-07,38,838
Managua,2020-10-08,82,841
Managua,2020-10-10,1,841
Managua,2020-10-11,17,841
Managua,2020-10-12,2,841
Managua,2020-10-14,9,841
Managua,2020-10-20,2,841
Managua,2020-10-21,28,841
Managua,2020-10-23,1,841
Managua,2020-10-27,2,841
Managua,2020-10-28,10,841
Managua,2020-10-29,3,843
Managua,2020-10-30,1,843
Managua,2020-11-04,2,843
Managua,2020-11-05,12,843
Managua,2020-11-06,3,843
Managua,2020-11-08,2,843
Managua,2020-11-09,13,843
Managua,2020-11-10,12,844
Managua,2020-11-11,19,844
Managua,2020-11-12,10,844
Managua,2020-11-13,10,844
Managua,2020-11-15,16,844
Managua,2020-11-16,19,844
Managua,2020-11-17,13,846
Managua,2020-11-18,25,848
Managua,2020-11-19,1,848
Managua,2020-11-21,1,848
Managua,2020-11-23,5,848
Managua,2020-11-24,4,849
Managua,2020-11-25,53,851
Managua,2020-11-26,1,851
Managua,2020-11-27,4,851
Managua,2020-11-28,3,852
Managua,2020-12-01,4,852
Managua,2020-12-02,9,852
Managua,2020-12-03,19,852
Managua,2020-12-04,3,852
Managua,2020-12-05,1,852
Managua,2020-12-09,8,856
Managua,2020-12-10,2,856
Managua,2020-12-11,24,859
Managua,2020-12-12,8,860
Managua,2020-12-15,3,861
Managua,2020-12-16,30,863
Managua,2020-12-17,1,863
Managua,2020-12-18,16,863
Managua,2020-12-19,10,864
Managua,2020-12-20,1,865
Managua,2020-12-21,12,865
Managua,2020-12-22,19,867
Managua,2020-12-23,3,867
Managua,2020-12-24,1,867
Managua,2020-12-25,7,867
Managua,2020-12-27,6,867
Managua,2020-12-28,4,868
Managua,2020-12-30,23,868
Managua,2020-12-31,1,868
Managua,2021-01-04,10,871
Managua,2021-01-05,27,871
Managua,2021-01-06,3,872
Managua,2021-01-07,32,873
Managua,2021-01-08,40,873
Managua,2021-01-09,6,874
Managua,2021-01-10,5,874
Managua,2021-01-12,3,876
Managua,2021-01-13,45,881
Managua,2021-01-14,9,881
Managua,2021-01-15,20,884
Managua,2021-01-16,2,885
Managua,2021-01-17,5,885
Managua,2021-01-18,9,886
Managua,2021-01-19,3,889
Managua,2021-01-20,4,891
Managua,2021-01-21,45,892
Managua,2021-01-22,5,892
Managua,2021-01-23,10,892
Managua,2021-01-24,2,892
Managua,2021-01-25,2,892
Managua,2021-01-26,1,893
Managua,2021-01-27,4,893
Managua,2021-01-28,1,893
Managua,2021-01-29,2,893
Managua,2021-02-01,12,894
Managua,2021-02-04,1,894
Managua,2021-02-05,1,894
Managua,2021-02-10,12,895
Managua,2021-02-11,2,895
Managua,2021-02-12,2,896
Managua,2021-02-13,1,896
Managua,2021-02-16,3,896
Managua,2021-02-18,2,896
Managua,2021-02-19,3,897
Managua,2021-02-20,50,897
Managua,2021-02-22,1,898
Managua,2021-02-23,6,898
Managua,2021-02-24,3,898
Managua,2021-02-25,2,899
Managua,2021-03-01,2,901
Managua,2021-03-04,3,901
Managua,2021-03-05,2,902
Managua,2021-03-08,1,902
Managua,2021-03-09,1,902
Managua,2021-03-11,2,903
Managua,2021-03-15,3,903
Managua,2021-03-19,2,903
Managua,2021-03-21,3,903
Managua,2021-03-22,4,905
Managua,2021-03-25,6,906
Managua,2021-03-26,5,906
Managua,2021-03-27,4,906
Managua,2021-03-28,1,907
Managua,2021-03-29,1,908
Managua,2021-04-01,3,908
Managua,2021-04-02,10,908
Managua,2021-04-03,1,908
Managua,2021-04-04,2,908
Managua,2021-04-05,10,909
Managua,2021-04-06,5,909
Managua,2021-04-07,1,910
Managua,2021-04-08,2,910
Managua,2021-04-09,3,910
Managua,2021-04-10,3,910
Managua,2021-04-11,12,910
Managua,2021-04-12,6,911
Managua,2021-04-13,61,913
Managua,2021-04-14,6,913
Managua,2021-04-15,10,915
Managua,2021-04-16,4,915
Managua,2021-04-17,5,915
Managua,2021-04-18,4,916
Managua,2021-04-19,5,916
Managua,2021-04-20,3,916
Managua,2021-04-21,24,916
Managua,2021-04-22,6,917
Managua,2021-04-23,6,918
Managua,2021-04-24,49,919
Managua,2021-04-25,12,924
Managua,2021-04-26,66,924
Managua,2021-04-27,119,934
Managua,2021-04-28,40,934
Managua,2021-04-29,209,940
Managua,2021-04-30,48,942
Managua,2021-05-01,27,942
Managua,2021-05-02,29,942
Managua,2021-05-03,70,947
Managua,2021-05-04,16,948
Managua,2021-05-05,29,954
Managua,2021-05-06,4,956
Managua,2021-05-07,18,956
Managua,2021-05-08,5,957
Managua,2021-05-09,9,961
Managua,2021-05-10,1,961
Managua,2021-05-11,7,961
Managua,2021-05-12,7,962
Managua,2021-05-13,30,962
Managua,2021-05-14,2,962
Managua,2021-05-15,9,962
Managua,2021-05-16,13,962
Managua,2021-05-17,8,964
Managua,2021-05-18,22,966
Managua,2021-05-19,13,970
Managua,2021-05-20,7,970
Managua,2021-05-21,16,970
Managua,2021-05-22,7,971
Managua,2021-05-23,11,971
Managua,2021-05-24,12,972
Managua,2021-05-25,19,973
Managua,2021-05-26,15,977
Managua,2021-05-27,19,978
Managua,2021-05-28,6,980
Managua,2021-05-30,1,980
Managua,2021-05-31,57,987
Managua,2021-06-01,29,988
Managua,2021-06-02,18,994
Managua,2021-06-03,79,1004
Managua,2021-06-04,8,1004
Managua,2021-06-05,2,1005
Managua,2021-06-06,3,1006
Managua,2021-06-07,61,1007
Managua,2021-06-08,11,1007
Managua,2021-06-09,2,1007
Managua,2021-06-10,10,1008
Managua,2021-06-11,18,1009
Managua,2021-06-12,5,1011
Managua,2021-06-13,3,1015
Managua,2021-06-14,16,1016
Managua,2021-06-15,24,1016
Managua,2021-06-16,31,1017
Managua,2021-06-17,26,1018
Managua,2021-06-18,25,1018
Managua,2021-06-19,30,1019
Managua,2021-06-20,26,1019
Managua,2021-06-21,31,1021
Managua,2021-06-22,36,1023
Managua,2021-06-23,50,1023
Managua,2021-06-24,53,1023
Managua,2021-06-25,52,1026
Managua,2021-06-26,66,1030
Managua,2021-06-27,24,1033
Managua,2021-06-28,37,1035
Managua,2021-06-29,37,1036
Managua,2021-06-30,40,1037
Managua,2021-07-01,16,1038
Managua,2021-07-02,7,1039
Managua,2021-07-03,8,1042
Managua,2021-07-04,2,1042
Managua,2021-07-05,9,1042
Managua,2021-07-06,7,1042
Managua,2021-07-07,14,1048
Managua,2021-07-08,28,1052
Managua,2021-07-09,6,1052
Managua,2021-07-10,28,1053
Managua,2021-07-11,18,1059
Managua,2021-07-12,12,1063
Managua,2021-07-13,26,1083
Managua,2021-07-14,12,1084
Managua,2021-07-15,21,1086
Managua,2021-07-16,10,1092
Managua,2021-07-17,23,1094
Managua,2021-07-18,1,1095
Managua,2021-07-19,27,1097
Managua,2021-07-20,10,1101
Managua,2021-07-21,1,1102
Managua,2021-07-22,7,1103
Managua,2021-07-23,21,1107
Managua,2021-07-24,14,1108
Managua,2021-07-25,10,1113
Managua,2021-07-26,13,1114
Managua,2021-07-27,75,1116
Managua,2021-07-28,8,1118
Managua,2021-07-29,5,1120
Managua,2021-07-30,17,1120
Managua,2021-07-31,4,1122
Managua,2021-08-01,3,1123
Managua,2021-08-02,35,1123
Managua,2021-08-03,8,1125
Managua,2021-08-04,17,1129
Managua,2021-08-05,8,1133
Managua,2021-08-06,13,1140
Managua,2021-08-07,4,1140
Managua,2021-08-08,8,1144
Managua,2021-08-09,9,1144
Managua,2021-08-10,24,1152
Managua,2021-08-11,13,1155
Managua,2021-08-12,10,1155
Managua,2021-08-13,17,1158
Managua,2021-08-14,8,1160
Managua,2021-08-15,18,1162
Managua,2021-08-16,20,1162
Managua,2021-08-17,54,1167
Managua,2021-08-18,32,1180
Managua,2021-08-19,14,1183
Managua,2021-08-20,91,1188
Managua,2021-08-21,28,1194
Managua,2021-08-22,7,1195
Managua,2021-08-23,56,1199
Managua,2021-08-24,9,1199
Managua,2021-08-25,39,1208
Managua,2021-08-26,24,1212
Managua,2021-08-27,35,1216
Managua,2021-08-28,19,1218
Managua,2021-08-29,25,1221
Managua,2021-08-30,57,1228
Managua,2021-08-31,41,1231
Managua,2021-09-01,77,1240
Managua,2021-09-02,115,1282
Managua,2021-09-03,36,1290
Managua,2021-09-04,18,1292
Managua,2021-09-05,51,1299
Managua,2021-09-06,99,1308
Managua,2021-09-07,117,1323
Managua,2021-09-08,141,1334
Managua,2021-09-09,60,1344
Managua,2021-09-10,54,1350
Managua,2021-09-11,13,1353
Managua,2021-09-12,48,1362
Managua,2021-09-13,51,1373
Managua,2021-09-14,29,1377
Managua,2021-09-15,48,1383
Managua,2021-09-16,54,1395
Managua,2021-09-17,25,1400
Managua,2021-09-18,77,1410
Managua,2021-09-19,51,1426
Managua,2021-09-20,81,1441
Managua,2021-09-21,43,1450
Managua,2021-09-22,44,1459
Managua,2021-09-23,25,1465
Managua,2021-09-24,24,1470
Managua,2021-09-25,26,1471
Managua,2021-09-26,19,1484
Managua,2021-09-27,27,1499
Managua,2021-09-28,36,1508
Managua,2021-09-29,77,1573
Managua,2021-09-30,30,1583
Managua,2021-10-01,23,1589
Managua,2021-10-02,16,1592
Managua,2021-10-03,17,1601
Managua,2021-10-04,23,1610
Managua,2021-10-05,32,1616
Managua,2021-10-06,18,1620
Managua,2021-10-07,18,1621
Managua,2021-10-08,22,1624
Managua,2021-10-09,11,1625
Managua,2021-10-10,1,1627
Managua,2021-10-11,10,1629
Managua,2021-10-12,7,1630
Managua,2021-10-13,16,1630
Managua,2021-10-14,10,1631
Managua,2021-10-15,13,1637
Managua,2021-10-16,4,1638
Managua,2021-10-17,6,1640
Managua,2021-10-18,7,1641
Managua,2021-10-19,5,1641
Managua,2021-10-20,3,1641
Masaya,2020-03-19,1,0
Masaya,2020-03-21,2,0
Masaya,2020-03-24,1,0
Masaya,2020-03-25,2,0
Masaya,2020-04-03,1,0
Masaya,2020-04-07,1,0
Masaya,2020-04-11,2,0
Masaya,2020-04-13,12,0
Masaya,2020-04-19,1,0
Masaya,2020-04-20,1,0
Masaya,2020-04-29,3,0
Masaya,2020-04-30,1,0
Masaya,2020-05-01,2,0
Masaya,2020-05-02,1,0
Masaya,2020-05-03,19,1
Masaya,2020-05-04,6,2
Masaya,2020-05-05,3,2
Masaya,2020-05-06,3,2
Masaya,2020-05-07,7,3
Masaya,2020-05-08,4,4
Masaya,2020-05-09,3,5
Masaya,2020-05-10,5,6
Masaya,2020-05-11,7,9
Masaya,2020-05-12,10,13
Masaya,2020-05-13,6,17
Masaya,2020-05-14,45,21
Masaya,2020-05-15,31,28
Masaya,2020-05-16,18,35
Masaya,2020-05-17,5,37
Masaya,2020-05-18,15,40
Masaya,2020-05-19,19,50
Masaya,2020-05-20,22,61
Masaya,2020-05-21,17,71
Masaya,2020-05-22,16,75
Masaya,2020-05-23,8,77
Masaya,2020-05-24,12,80
Masaya,2020-05-25,16,84
Masaya,2020-05-26,4,84
Masaya,2020-05-27,10,91
Masaya,2020-05-28,5,96
Masaya,2020-05-29,12,105
Masaya,2020-05-30,8,108
Masaya,2020-05-31,14,112
Masaya,2020-06-01,12,120
Masaya,2020-06-02,13,128
Masaya,2020-06-03,10,139
Masaya,2020-06-04,13,145
Masaya,2020-06-05,3,148
Masaya,2020-06-06,3,151
Masaya,2020-06-07,1,151
Masaya,2020-06-08,13,161
Masaya,2020-06-09,11,163
Masaya,2020-06-10,2,165
Masaya,2020-06-11,13,172
Masaya,2020-06-12,12,178
Masaya,2020-06-13,9,185
Masaya,2020-06-14,7,187
Masaya,2020-06-15,16,192
Masaya,2020-06-16,12,200
Masaya,2020-06-17,3,203
Masaya,2020-06-18,2,203
Masaya,2020-06-19,2,206
Masaya,2020-06-21,6,208
Masaya,2020-06-22,6,210
Masaya,2020-06-23,2,211
Masaya,2020-06-24,1,211
Masaya,2020-06-25,7,213
Masaya,2020-06-26,1,213
Masaya,2020-06-27,3,215
Masaya,2020-06-28,7,216
Masaya,2020-06-29,3,217
Masaya,2020-06-30,7,219
Masaya,2020-07-01,1,219
Masaya,2020-07-02,5,220
Masaya,2020-07-03,3,221
Masaya,2020-07-04,1,222
Masaya,2020-07-05,1,222
Masaya,2020-07-06,2,224
Masaya,2020-07-09,3,226
Masaya,2020-07-10,1,226
Masaya,2020-07-11,2,226
Masaya,2020-07-12,1,226
Masaya,2020-07-14,4,229
Masaya,2020-07-15,5,232
Masaya,2020-07-16,4,235
Masaya,2020-07-17,2,236
Masaya,2020-07-18,1,237
Masaya,2020-07-21,1,237
Masaya,2020-07-24,8,238
Masaya,2020-07-25,2,240
Masaya,2020-07-30,7,252
Masaya,2020-08-03,1,252
Masaya,2020-08-04,1,252
Masaya,2020-08-05,2,253
Masaya,2020-08-06,1,254
Masaya,2020-08-07,1,255
Masaya,2020-08-10,2,257
Masaya,2020-08-12,1,257
Masaya,2020-08-13,2,258
Masaya,2020-08-15,1,258
Masaya,2020-08-16,1,258
Masaya,2020-09-23,3,258
Masaya,2020-09-26,1,258
Masaya,2020-10-04,2,258
Masaya,2020-10-07,1,258
Masaya,2020-11-24,3,258
Masaya,2020-11-25,1,258
Masaya,2020-12-12,1,258
Masaya,2020-12-16,55,269
Masaya,2020-12-17,1,270
Masaya,2020-12-18,18,270
Masaya,2020-12-19,1,270
Masaya,2020-12-21,3,271
Masaya,2020-12-22,1,271
Masaya,2020-12-30,1,271
Masaya,2021-02-07,4,271
Masaya,2021-02-17,4,271
Masaya,2021-02-18,1,271
Masaya,2021-02-27,1,271
Masaya,2021-04-12,5,271
Masaya,2021-04-24,4,275
Masaya,2021-04-26,3,276
Masaya,2021-04-27,18,276
Masaya,2021-04-29,1,277
Masaya,2021-04-30,1,278
Masaya,2021-05-03,4,282
Masaya,2021-05-04,31,282
Masaya,2021-05-05,4,282
Masaya,2021-05-06,2,284
Masaya,2021-05-08,2,286
Masaya,2021-05-20,27,288
Masaya,2021-05-21,26,288
Masaya,2021-05-23,18,288
Masaya,2021-05-26,6,288
Masaya,2021-06-04,10,288
Masaya,2021-06-05,6,288
Masaya,2021-06-08,2,288
Masaya,2021-06-11,8,289
Masaya,2021-06-12,7,291
Masaya,2021-06-14,1,292
Masaya,2021-06-18,2,293
Masaya,2021-06-19,1,293
Masaya,2021-06-23,1,294
Masaya,2021-06-24,2,294
Masaya,2021-06-26,1,294
Masaya,2021-06-28,1,295
Masaya,2021-06-30,4,297
Masaya,2021-07-02,6,299
Masaya,2021-07-04,3,299
Masaya,2021-07-05,2,300
Masaya,2021-07-06,1,300
Masaya,2021-07-07,3,300
Masaya,2021-07-08,6,300
Masaya,2021-07-11,1,301
Masaya,2021-07-12,2,301
Masaya,2021-07-13,3,302
Masaya,2021-07-14,1,303
Masaya,2021-07-17,2,303
Masaya,2021-07-18,1,303
Masaya,2021-07-19,2,303
Masaya,2021-07-20,1,303
Masaya,2021-07-21,2,304
Masaya,2021-07-22,1,304
Masaya,2021-07-23,1,306
Masaya,2021-07-24,3,306
Masaya,2021-07-25,5,307
Masaya,2021-07-26,2,308
Masaya,2021-07-27,1,309
Masaya,2021-07-29,2,311
Masaya,2021-07-30,1,311
Masaya,2021-07-31,2,311
Masaya,2021-08-01,2,312
Masaya,2021-08-04,7,315
Masaya,2021-08-05,6,317
Masaya,2021-08-06,3,318
Masaya,2021-08-08,3,319
Masaya,2021-08-11,1,320
Masaya,2021-08-12,2,321
Masaya,2021-08-13,1,321
Masaya,2021-08-16,11,323
Masaya,2021-08-18,2,323
Masaya,2021-08-19,1,323
Masaya,2021-08-20,2,324
Masaya,2021-08-22,2,326
Masaya,2021-08-24,7,330
Masaya,2021-08-25,1,330
Masaya,2021-08-27,3,330
Masaya,2021-08-28,1,331
Masaya,2021-08-29,3,331
Masaya,2021-08-30,3,331
Masaya,2021-09-01,4,336
Masaya,2021-09-02,16,336
Masaya,2021-09-03,2,336
Masaya,2021-09-04,9,337
Masaya,2021-09-05,1,337
Masaya,2021-09-06,15,341
Masaya,2021-09-07,2,342
Masaya,2021-09-08,2,343
Masaya,2021-09-09,6,343
Masaya,2021-09-10,2,345
Masaya,2021-09-12,9,347
Masaya,2021-09-13,2,348
Masaya,2021-09-14,3,349
Masaya,2021-09-15,11,350
Masaya,2021-09-16,7,356
Masaya,2021-09-17,16,358
Masaya,2021-09-18,3,361
Masaya,2021-09-19,1,361
Masaya,2021-09-20,6,364
Masaya,2021-09-21,10,365
Masaya,2021-09-22,3,367
Masaya,2021-09-24,15,373
Masaya,2021-09-25,5,376
Masaya,2021-09-26,18,387
Masaya,2021-09-27,6,391
Masaya,2021-09-28,10,392
Masaya,2021-09-29,4,392
Masaya,2021-09-30,5,393
Masaya,2021-10-01,4,395
Masaya,2021-10-02,10,398
Masaya,2021-10-03,3,401
Masaya,2021-10-04,12,405
Masaya,2021-10-06,6,411
Masaya,2021-10-07,4,411
Masaya,2021-10-08,3,412
Masaya,2021-10-09,1,414
Masaya,2021-10-10,1,415
Masaya,2021-10-11,5,420
Masaya,2021-10-12,1,421
Masaya,2021-10-14,1,421
Masaya,2021-10-15,5,426
Masaya,2021-10-17,2,427
Masaya,2021-10-18,2,427
Matagalpa,2020-03-18,1,0
Matagalpa,2020-03-23,1,0
Matagalpa,2020-03-29,2,0
Matagalpa,2020-03-31,4,0
Matagalpa,2020-04-02,1,0
Matagalpa,2020-04-06,1,0
Matagalpa,2020-04-07,2,1
Matagalpa,2020-04-08,1,1
Matagalpa,2020-04-10,2,1
Matagalpa,2020-04-11,1,1
Matagalpa,2020-04-13,1,2
Matagalpa,2020-04-18,3,5
Matagalpa,2020-04-22,2,6
Matagalpa,2020-04-24,3,6
Matagalpa,2020-04-25,4,7
Matagalpa,2020-04-27,2,8
Matagalpa,2020-04-28,10,8
Matagalpa,2020-04-29,6,8
Matagalpa,2020-05-01,2,8
Matagalpa,2020-05-03,1,9
Matagalpa,2020-05-05,1,10
Matagalpa,2020-05-07,4,10
Matagalpa,2020-05-08,3,10
Matagalpa,2020-05-09,3,11
Matagalpa,2020-05-10,6,11
Matagalpa,2020-05-11,2,12
Matagalpa,2020-05-12,2,13
Matagalpa,2020-05-13,9,13
Matagalpa,2020-05-14,3,14
Matagalpa,2020-05-15,20,15
Matagalpa,2020-05-16,6,15
Matagalpa,2020-05-17,45,15
Matagalpa,2020-05-18,5,16
Matagalpa,2020-05-19,1,16
Matagalpa,2020-05-20,5,20
Matagalpa,2020-05-21,7,22
Matagalpa,2020-05-22,5,24
Matagalpa,2020-05-23,12,32
Matagalpa,2020-05-24,3,33
Matagalpa,2020-05-25,3,33
Matagalpa,2020-05-26,5,34
Matagalpa,2020-05-27,16,36
Matagalpa,2020-05-28,15,36
Matagalpa,2020-05-29,8,37
Matagalpa,2020-05-30,14,39
Matagalpa,2020-05-31,43,40
Matagalpa,2020-06-01,22,51
Matagalpa,2020-06-02,13,53
Matagalpa,2020-06-03,11,54
Matagalpa,2020-06-04,46,61
Matagalpa,2020-06-05,17,63
Matagalpa,2020-06-06,8,63
Matagalpa,2020-06-07,17,70
Matagalpa,2020-06-08,12,74
Matagalpa,2020-06-09,1,74
Matagalpa,2020-06-10,36,78
Matagalpa,2020-06-11,8,80
Matagalpa,2020-06-12,13,82
Matagalpa,2020-06-13,9,85
Matagalpa,2020-06-14,46,93
Matagalpa,2020-06-15,11,94
Matagalpa,2020-06-16,22,95
Matagalpa,2020-06-17,22,100
Matagalpa,2020-06-18,6,103
Matagalpa,2020-06-19,21,105
Matagalpa,2020-06-20,11,107
Matagalpa,2020-06-21,23,109
Matagalpa,2020-06-22,6,113
Matagalpa,2020-06-23,6,114
Matagalpa,2020-06-24,5,117
Matagalpa,2020-06-25,21,122
Matagalpa,2020-06-26,19,132
Matagalpa,2020-06-27,10,137
Matagalpa,2020-06-28,7,138
Matagalpa,2020-06-30,16,142
Matagalpa,2020-07-01,15,143
Matagalpa,2020-07-02,6,144
Matagalpa,2020-07-03,11,147
Matagalpa,2020-07-04,6,151
Matagalpa,2020-07-05,17,155
Matagalpa,2020-07-06,9,159
Matagalpa,2020-07-07,8,161
Matagalpa,2020-07-08,20,168
Matagalpa,2020-07-09,5,170
Matagalpa,2020-07-10,36,173
Matagalpa,2020-07-11,10,175
Matagalpa,2020-07-12,21,176
Matagalpa,2020-07-13,6,177
Matagalpa,2020-07-14,4,179
Matagalpa,2020-07-15,5,179
Matagalpa,2020-07-16,4,183
Matagalpa,2020-07-17,11,191
Matagalpa,2020-07-18,3,192
Matagalpa,2020-07-20,1,192
Matagalpa,2020-07-21,1,192
Matagalpa,2020-07-22,8,195
Matagalpa,2020-07-24,15,196
Matagalpa,2020-07-25,6,199
Matagalpa,2020-07-29,22,202
Matagalpa,2020-07-30,9,203
Matagalpa,2020-07-31,16,204
Matagalpa,2020-08-01,5,204
Matagalpa,2020-08-03,28,204
Matagalpa,2020-08-04,1,205
Matagalpa,2020-08-05,1,206
Matagalpa,2020-08-07,17,214
Matagalpa,2020-08-08,1,215
Matagalpa,2020-08-11,7,215
Matagalpa,2020-08-12,7,215
Matagalpa,2020-08-13,6,216
Matagalpa,2020-08-14,7,217
Matagalpa,2020-08-18,4,217
Matagalpa,2020-08-19,1,217
Matagalpa,2020-08-20,8,219
Matagalpa,2020-08-22,9,220
Matagalpa,2020-08-24,1,221
Matagalpa,2020-08-25,11,224
Matagalpa,2020-08-27,1,224
Matagalpa,2020-08-28,3,225
Matagalpa,2020-09-02,1,225
Matagalpa,2020-09-06,1,225
Matagalpa,2020-09-07,8,226
Matagalpa,2020-09-08,3,226
Matagalpa,2020-09-09,2,226
Matagalpa,2020-09-10,1,226
Matagalpa,2020-09-12,1,226
Matagalpa,2020-09-16,4,227
Matagalpa,2020-09-20,5,227
Matagalpa,2020-09-25,1,228
Matagalpa,2020-09-29,1,229
Matagalpa,2020-10-02,5,229
Matagalpa,2020-10-04,1,230
Matagalpa,2020-10-08,3,230
Matagalpa,2020-10-10,1,230
Matagalpa,2020-10-28,1,230
Matagalpa,2020-11-23,2,231
Matagalpa,2020-11-25,11,231
Matagalpa,2020-12-04,30,231
Matagalpa,2020-12-11,6,231
Matagalpa,2020-12-15,10,232
Matagalpa,2020-12-16,9,232
Matagalpa,2020-12-18,50,234
Matagalpa,2020-12-22,2,235
Matagalpa,2020-12-23,1,235
Matagalpa,2021-01-01,22,235
Matagalpa,2021-01-05,1,235
Matagalpa,2021-01-08,1,235
Matagalpa,2021-01-09,55,237
Matagalpa,2021-01-15,1,238
Matagalpa,2021-01-18,3,238
Matagalpa,2021-01-22,23,239
Matagalpa,2021-02-02,1,239
Matagalpa,2021-02-04,1,239
Matagalpa,2021-02-05,30,239
Matagalpa,2021-02-07,2,241
Matagalpa,2021-02-09,5,244
Matagalpa,2021-02-11,4,244
Matagalpa,2021-02-12,1,245
Matagalpa,2021-02-24,1,245
Matagalpa,2021-02-25,15,245
Matagalpa,2021-02-27,6,245
Matagalpa,2021-03-01,1,245
Matagalpa,2021-03-12,2,247
Matagalpa,2021-03-13,8,247
Matagalpa,2021-03-15,6,247
Matagalpa,2021-03-18,1,248
Matagalpa,2021-03-19,4,249
Matagalpa,2021-03-21,2,249
Matagalpa,2021-03-23,3,249
Matagalpa,2021-03-28,2,249
Matagalpa,2021-03-29,1,249
Matagalpa,2021-04-02,1,249
Matagalpa,2021-04-04,20,256
Matagalpa,2021-04-05,1,256
Matagalpa,2021-04-07,17,256
Matagalpa,2021-04-12,1,256
Matagalpa,2021-04-13,1,257
Matagalpa,2021-04-14,57,257
Matagalpa,2021-04-18,1,257
Matagalpa,2021-04-19,1,257
Matagalpa,2021-04-20,6,257
Matagalpa,2021-04-21,7,257
Matagalpa,2021-04-23,1,258
Matagalpa,2021-04-24,5,258
Matagalpa,2021-04-26,1,258
Matagalpa,2021-04-27,2,259
Matagalpa,2021-04-28,3,259
Matagalpa,2021-04-29,39,259
Matagalpa,2021-05-04,21,259
Matagalpa,2021-05-05,2,260
Matagalpa,2021-05-06,12,262
Matagalpa,2021-05-07,2,262
Matagalpa,2021-05-08,18,263
Matagalpa,2021-05-09,2,264
Matagalpa,2021-05-10,1,264
Matagalpa,2021-05-11,7,264
Matagalpa,2021-05-12,178,264
Matagalpa,2021-05-13,1,264
Matagalpa,2021-05-14,3,264
Matagalpa,2021-05-17,3,264
Matagalpa,2021-05-18,4,266
Matagalpa,2021-05-20,1,266
Matagalpa,2021-05-22,1,267
Matagalpa,2021-05-23,3,267
Matagalpa,2021-05-24,1,268
Matagalpa,2021-05-25,51,268
Matagalpa,2021-05-26,1,268
Matagalpa,2021-06-02,1,268
Matagalpa,2021-06-07,16,270
Matagalpa,2021-06-08,3,270
Matagalpa,2021-06-09,1,272
Matagalpa,2021-06-14,3,272
Matagalpa,2021-06-15,22,272
Matagalpa,2021-06-16,9,272
Matagalpa,2021-06-17,12,272
Matagalpa,2021-06-18,9,272
Matagalpa,2021-06-19,10,272
Matagalpa,2021-06-20,16,272
Matagalpa,2021-06-21,9,272
Matagalpa,2021-06-22,9,272
Matagalpa,2021-06-23,15,272
Matagalpa,2021-06-24,9,272
Matagalpa,2021-06-25,10,273
Matagalpa,2021-06-26,9,273
Matagalpa,2021-06-27,9,273
Matagalpa,2021-06-28,11,273
Matagalpa,2021-06-29,12,273
Matagalpa,2021-06-30,10,273
Matagalpa,2021-07-02,25,274
Matagalpa,2021-07-03,5,274
Matagalpa,2021-07-05,2,275
Matagalpa,2021-07-06,5,275
Matagalpa,2021-07-08,3,276
Matagalpa,2021-07-11,2,276
Matagalpa,2021-07-12,5,276
Matagalpa,2021-07-13,2,276
Matagalpa,2021-07-14,17,278
Matagalpa,2021-07-16,17,279
Matagalpa,2021-07-17,2,279
Matagalpa,2021-07-19,1,280
Matagalpa,2021-07-20,1,281
Matagalpa,2021-07-22,3,281
Matagalpa,2021-07-23,1,282
Matagalpa,2021-07-24,3,282
Matagalpa,2021-07-25,5,282
Matagalpa,2021-07-26,22,282
Matagalpa,2021-07-28,8,285
Matagalpa,2021-07-29,10,287
Matagalpa,2021-07-30,24,288
Matagalpa,2021-07-31,11,289
Matagalpa,2021-08-01,3,292
Matagalpa,2021-08-02,3,292
Matagalpa,2021-08-03,6,292
Matagalpa,2021-08-04,2,293
Matagalpa,2021-08-05,10,293
Matagalpa,2021-08-06,1,294
Matagalpa,2021-08-08,10,296
Matagalpa,2021-08-09,7,298
Matagalpa,2021-08-10,2,299
Matagalpa,2021-08-11,13,300
Matagalpa,2021-08-12,5,302
Matagalpa,2021-08-13,3,303
Matagalpa,2021-08-15,3,303
Matagalpa,2021-08-16,9,303
Matagalpa,2021-08-17,7,303
Matagalpa,2021-08-18,27,304
Matagalpa,2021-08-19,4,304
Matagalpa,2021-08-20,32,305
Matagalpa,2021-08-21,14,305
Matagalpa,2021-08-22,11,309
Matagalpa,2021-08-23,16,310
Matagalpa,2021-08-24,3,310
Matagalpa,2021-08-25,41,314
Matagalpa,2021-08-26,18,320
Matagalpa,2021-08-27,20,327
Matagalpa,2021-08-28,10,330
Matagalpa,2021-08-29,19,339
Matagalpa,2021-08-30,156,342
Matagalpa,2021-08-31,27,343
Matagalpa,2021-09-01,15,346
Matagalpa,2021-09-02,15,347
Matagalpa,2021-09-03,46,365
Matagalpa,2021-09-04,7,369
Matagalpa,2021-09-05,4,370
Matagalpa,2021-09-06,11,373
Matagalpa,2021-09-07,11,373
Matagalpa,2021-09-08,16,381
Matagalpa,2021-09-09,12,392
Matagalpa,2021-09-10,29,397
Matagalpa,2021-09-11,11,398
Matagalpa,2021-09-12,40,405
Matagalpa,2021-09-13,3,406
Matagalpa,2021-09-14,32,411
Matagalpa,2021-09-15,25,417
Matagalpa,2021-09-16,27,424
Matagalpa,2021-09-17,31,436
Matagalpa,2021-09-18,18,438
Matagalpa,2021-09-19,61,498
Matagalpa,2021-09-20,14,502
Matagalpa,2021-09-21,9,504
Matagalpa,2021-09-22,13,506
Matagalpa,2021-09-23,13,508
Matagalpa,2021-09-24,12,515
Matagalpa,2021-09-25,2,515
Matagalpa,2021-09-26,10,518
Matagalpa,2021-09-27,9,521
Matagalpa,2021-09-28,7,525
Matagalpa,2021-09-29,16,528
Matagalpa,2021-09-30,6,530
Matagalpa,2021-10-01,13,531
Matagalpa,2021-10-02,13,534
Matagalpa,2021-10-03,3,535
Matagalpa,2021-10-04,12,538
Matagalpa,2021-10-05,4,541
Matagalpa,2021-10-06,4,544
Matagalpa,2021-10-07,9,546
Matagalpa,2021-10-08,8,548
Matagalpa,2021-10-09,5,549
Matagalpa,2021-10-10,2,551
Matagalpa,2021-10-11,7,551
Matagalpa,2021-10-12,14,554
Matagalpa,2021-10-15,9,557
Matagalpa,2021-10-17,9,560
Matagalpa,2021-10-18,4,560
Matagalpa,2021-10-19,2,561
Nueva Segovia,2020-03-24,1,0
Nueva Segovia,2020-04-03,1,0
Nueva Segovia,2020-04-04,3,0
Nueva Segovia,2020-04-29,1,0
Nueva Segovia,2020-05-09,4,0
Nueva Segovia,2020-05-10,2,0
Nueva Segovia,2020-05-11,5,0
Nueva Segovia,2020-05-16,1,0
Nueva Segovia,2020-05-18,1,0
Nueva Segovia,2020-05-21,6,0
Nueva Segovia,2020-05-22,1,0
Nueva Segovia,2020-05-23,2,0
Nueva Segovia,2020-05-25,1,0
Nueva Segovia,2020-05-26,1,1
Nueva Segovia,2020-05-29,3,2
Nueva Segovia,2020-05-30,3,4
Nueva Segovia,2020-05-31,5,5
Nueva Segovia,2020-06-01,1,6
Nueva Segovia,2020-06-02,2,7
Nueva Segovia,2020-06-03,2,7
Nueva Segovia,2020-06-04,9,14
Nueva Segovia,2020-06-09,2,14
Nueva Segovia,2020-06-10,4,14
Nueva Segovia,2020-06-11,18,14
Nueva Segovia,2020-06-12,8,14
Nueva Segovia,2020-06-14,1,15
Nueva Segovia,2020-06-15,1,15
Nueva Segovia,2020-06-16,2,15
Nueva Segovia,2020-06-17,6,16
Nueva Segovia,2020-06-18,1,16
Nueva Segovia,2020-06-19,6,16
Nueva Segovia,2020-06-20,1,17
Nueva Segovia,2020-06-21,2,17
Nueva Segovia,2020-06-22,10,17
Nueva Segovia,2020-06-24,1,17
Nueva Segovia,2020-06-25,4,17
Nueva Segovia,2020-06-26,3,19
Nueva Segovia,2020-06-27,2,20
Nueva Segovia,2020-06-28,3,20
Nueva Segovia,2020-06-29,2,21
Nueva Segovia,2020-07-01,3,22
Nueva Segovia,2020-07-02,3,23
Nueva Segovia,2020-07-05,1,23
Nueva Segovia,2020-07-06,5,25
Nueva Segovia,2020-07-07,4,25
Nueva Segovia,2020-07-08,1,25
Nueva Segovia,2020-07-10,1,25
Nueva Segovia,2020-07-11,2,25
Nueva Segovia,2020-07-14,3,26
Nueva Segovia,2020-07-15,5,26
Nueva Segovia,2020-07-16,1,26
Nueva Segovia,2020-07-17,1,27
Nueva Segovia,2020-07-21,7,29
Nueva Segovia,2020-07-22,1,29
Nueva Segovia,2020-07-24,2,30
Nueva Segovia,2020-07-25,3,31
Nueva Segovia,2020-07-26,2,31
Nueva Segovia,2020-07-27,1,32
Nueva Segovia,2020-07-28,5,32
Nueva Segovia,2020-07-29,1,32
Nueva Segovia,2020-07-30,3,34
Nueva Segovia,2020-08-01,2,34
Nueva Segovia,2020-08-02,2,34
Nueva Segovia,2020-08-04,1,35
Nueva Segovia,2020-08-05,2,35
Nueva Segovia,2020-08-08,2,37
Nueva Segovia,2020-08-11,4,37
Nueva Segovia,2020-08-12,2,37
Nueva Segovia,2020-08-13,1,37
Nueva Segovia,2020-08-14,1,38
Nueva Segovia,2020-08-18,2,39
Nueva Segovia,2020-08-21,5,39
Nueva Segovia,2020-08-23,3,39
Nueva Segovia,2020-08-25,1,40
Nueva Segovia,2020-08-27,18,40
Nueva Segovia,2020-08-28,2,41
Nueva Segovia,2020-08-30,1,41
Nueva Segovia,2020-08-31,1,41
Nueva Segovia,2020-09-16,3,42
Nueva Segovia,2020-09-17,1,42
Nueva Segovia,2020-09-19,1,43
Nueva Segovia,2020-09-24,3,44
Nueva Segovia,2020-09-29,2,44
Nueva Segovia,2020-10-04,1,44
Nueva Segovia,2020-10-07,3,44
Nueva Segovia,2020-10-08,4,44
Nueva Segovia,2020-10-28,1,44
Nueva Segovia,2020-11-05,14,44
Nueva Segovia,2020-11-18,6,45
Nueva Segovia,2020-11-25,1,46
Nueva Segovia,2020-12-02,1,46
Nueva Segovia,2021-04-12,3,47
Nueva Segovia,2021-05-13,1,48
Nueva Segovia,2021-05-23,2,48
Nueva Segovia,2021-05-24,2,48
Nueva Segovia,2021-05-29,1,49
Nueva Segovia,2021-06-02,2,50
Nueva Segovia,2021-06-04,2,50
Nueva Segovia,2021-06-28,1,50
Nueva Segovia,2021-07-01,2,50
Nueva Segovia,2021-07-03,2,51
Nueva Segovia,2021-07-08,3,53
Nueva Segovia,2021-07-09,3,53
Nueva Segovia,2021-07-13,5,53
Nueva Segovia,2021-07-14,4,54
Nueva Segovia,2021-07-15,3,56
Nueva Segovia,2021-07-16,3,56
Nueva Segovia,2021-07-18,6,57
Nueva Segovia,2021-07-19,1,58
Nueva Segovia,2021-07-20,2,58
Nueva Segovia,2021-07-21,3,59
Nueva Segovia,2021-07-22,1,59
Nueva Segovia,2021-07-23,2,61
Nueva Segovia,2021-07-25,3,62
Nueva Segovia,2021-07-27,3,63
Nueva Segovia,2021-07-28,6,64
Nueva Segovia,2021-07-29,1,65
Nueva Segovia,2021-07-30,3,65
Nueva Segovia,2021-08-01,3,66
Nueva Segovia,2021-08-02,4,69
Nueva Segovia,2021-08-03,8,72
Nueva Segovia,2021-08-04,1,72
Nueva Segovia,2021-08-05,15,72
Nueva Segovia,2021-08-06,2,72
Nueva Segovia,2021-08-10,30,76
Nueva Segovia,2021-08-12,19,79
Nueva Segovia,2021-08-13,1,80
Nueva Segovia,2021-08-14,2,80
Nueva Segovia,2021-08-16,12,86
Nueva Segovia,2021-08-17,11,92
Nueva Segovia,2021-08-19,2,94
Nueva Segovia,2021-08-20,1,94
Nueva Segovia,2021-08-21,5,94
Nueva Segovia,2021-08-22,5,94
Nueva Segovia,2021-08-23,1,94
Nueva Segovia,2021-08-25,1,95
Nueva Segovia,2021-08-26,6,98
Nueva Segovia,2021-08-27,13,99
Nueva Segovia,2021-08-28,1,99
Nueva Segovia,2021-08-29,10,102
Nueva Segovia,2021-08-30,4,102
Nueva Segovia,2021-08-31,1,103
Nueva Segovia,2021-09-01,5,105
Nueva Segovia,2021-09-02,3,106
Nueva Segovia,2021-09-03,8,110
Nueva Segovia,2021-09-04,2,111
Nueva Segovia,2021-09-06,11,118
Nueva Segovia,2021-09-07,1,118
Nueva Segovia,2021-09-08,6,121
Nueva Segovia,2021-09-09,11,132
Nueva Segovia,2021-09-10,2,134
Nueva Segovia,2021-09-12,7,139
Nueva Segovia,2021-09-14,4,143
Nueva Segovia,2021-09-15,7,148
Nueva Segovia,2021-09-16,4,150
Nueva Segovia,2021-09-17,3,151
Nueva Segovia,2021-09-18,1,152
Nueva Segovia,2021-09-20,1,153
Nueva Segovia,2021-09-21,2,156
Nueva Segovia,2021-09-22,2,158
Nueva Segovia,2021-09-23,3,158
Nueva Segovia,2021-09-29,1,159
Nueva Segovia,2021-09-30,1,160
Nueva Segovia,2021-10-03,2,164
Nueva Segovia,2021-10-05,1,164
Nueva Segovia,2021-10-10,1,164
RACCN,2020-03-19,1,0
RACCN,2020-03-25,1,0
RACCN,2020-04-25,2,2
RACCN,2020-05-04,1,2
RACCN,2020-05-05,6,2
RACCN,2020-05-16,1,2
RACCN,2020-05-17,2,2
RACCN,2020-05-21,4,5
RACCN,2020-05-22,4,6
RACCN,2020-05-23,2,7
RACCN,2020-05-24,2,7
RACCN,2020-05-26,1,9
RACCN,2020-05-29,1,9
RACCN,2020-05-30,11,20
RACCN,2020-06-01,1,20
RACCN,2020-06-02,1,20
RACCN,2020-06-03,2,21
RACCN,2020-06-04,4,22
RACCN,2020-06-05,3,24
RACCN,2020-06-07,3,25
RACCN,2020-06-08,1,26
RACCN,2020-06-10,3,27
RACCN,2020-06-11,6,30
RACCN,2020-06-12,4,34
RACCN,2020-06-13,10,35
RACCN,2020-06-14,3,37
RACCN,2020-06-16,4,41
RACCN,2020-06-18,5,45
RACCN,2020-06-19,26,62
RACCN,2020-06-20,1,62
RACCN,2020-06-21,2,63
RACCN,2020-06-23,3,66
RACCN,2020-06-25,1,66
RACCN,2020-06-26,1,67
RACCN,2020-06-28,2,68
RACCN,2020-06-30,2,70
RACCN,2020-07-02,1,70
RACCN,2020-07-03,1,71
RACCN,2020-07-05,3,71
RACCN,2020-07-07,1,71
RACCN,2020-07-09,2,71
RACCN,2020-07-11,1,72
RACCN,2020-07-12,5,77
RACCN,2020-07-13,2,78
RACCN,2020-07-15,2,80
RACCN,2020-07-19,1,81
RACCN,2020-07-21,1,81
RACCN,2020-07-29,2,83
RACCN,2020-07-30,2,83
RACCN,2020-08-02,1,84
RACCN,2020-08-05,1,84
RACCN,2020-08-09,2,84
RACCN,2020-08-12,2,84
RACCN,2020-08-13,12,86
RACCN,2020-08-16,6,87
RACCN,2020-08-19,2,89
RACCN,2020-08-24,3,90
RACCN,2020-08-29,1,90
RACCN,2020-08-30,6,91
RACCN,2020-09-23,2,93
RACCN,2020-10-02,1,93
RACCN,2020-11-28,5,93
RACCN,2020-11-30,10,93
RACCN,2020-12-04,3,93
RACCN,2021-01-15,2,94
RACCN,2021-02-08,1,94
RACCN,2021-03-05,1,94
RACCN,2021-03-11,5,95
RACCN,2021-03-21,2,95
RACCN,2021-03-26,5,95
RACCN,2021-03-30,1,96
RACCN,2021-04-01,1,96
RACCN,2021-04-22,18,98
RACCN,2021-05-03,12,98
RACCN,2021-05-05,1,99
RACCN,2021-05-06,1,99
RACCN,2021-05-18,2,99
RACCN,2021-05-28,1,99
RACCN,2021-06-08,1,99
RACCN,2021-08-20,10,101
RACCN,2021-08-24,1,102
RACCN,2021-08-27,1,102
RACCN,2021-08-28,5,102
RACCN,2021-08-30,1,102
RACCN,2021-09-01,7,102
RACCN,2021-09-04,3,104
RACCN,2021-09-05,1,105
RACCN,2021-09-06,12,109
RACCN,2021-09-07,3,111
RACCN,2021-09-08,8,111
RACCN,2021-09-09,5,111
RACCN,2021-09-10,28,112
RACCN,2021-09-12,3,115
RACCN,2021-09-13,1,115
RACCN,2021-09-15,4,117
RACCN,2021-09-16,2,119
RACCN,2021-09-19,1,120
RACCN,2021-09-21,1,121
RACCN,2021-09-25,12,122
RACCN,2021-09-26,1,123
RACCN,2021-09-27,4,126
RACCN,2021-09-30,3,129
RACCN,2021-10-01,6,129
RACCN,2021-10-02,1,130
RACCN,2021-10-04,4,133
RACCS,2020-03-27,2,0
RACCS,2020-03-31,1,0
RACCS,2020-04-04,14,0
RACCS,2020-04-12,2,0
RACCS,2020-04-18,1,0
RACCS,2020-04-19,1,0
RACCS,2020-04-23,2,1
RACCS,2020-04-25,1,1
RACCS,2020-05-10,1,2
RACCS,2020-05-14,2,2
RACCS,2020-05-16,2,3
RACCS,2020-05-17,1,3
RACCS,2020-05-18,2,3
RACCS,2020-05-19,3,3
RACCS,2020-05-20,5,3
RACCS,2020-05-21,1,3
RACCS,2020-05-22,5,3
RACCS,2020-05-23,3,4
RACCS,2020-05-24,6,4
RACCS,2020-05-25,7,6
RACCS,2020-05-26,1,6
RACCS,2020-05-28,5,7
RACCS,2020-05-29,1,8
RACCS,2020-05-30,16,12
RACCS,2020-06-01,1,12
RACCS,2020-06-02,4,14
RACCS,2020-06-03,1,14
RACCS,2020-06-04,3,15
RACCS,2020-06-05,3,16
RACCS,2020-06-07,1,16
RACCS,2020-06-08,2,16
RACCS,2020-06-09,1,16
RACCS,2020-06-10,1,16
RACCS,2020-06-11,2,17
RACCS,2020-06-12,2,19
RACCS,2020-06-13,1,20
RACCS,2020-06-14,1,21
RACCS,2020-06-15,3,24
RACCS,2020-06-16,23,34
RACCS,2020-06-17,3,34
RACCS,2020-06-18,3,37
RACCS,2020-06-20,2,39
RACCS,2020-06-21,1,40
RACCS,2020-06-22,1,40
RACCS,2020-06-23,2,41
RACCS,2020-06-24,4,44
RACCS,2020-06-27,1,45
RACCS,2020-06-28,6,51
RACCS,2020-06-29,7,54
RACCS,2020-07-02,2,56
RACCS,2020-07-04,2,56
RACCS,2020-07-06,3,56
RACCS,2020-07-07,19,58
RACCS,2020-07-08,5,59
RACCS,2020-07-12,4,63
RACCS,2020-07-13,1,63
RACCS,2020-07-14,2,63
RACCS,2020-07-15,2,65
RACCS,2020-07-16,1,66
RACCS,2020-07-24,4,67
RACCS,2020-07-25,1,67
RACCS,2020-08-01,1,68
RACCS,2020-08-11,16,68
RACCS,2020-08-12,5,68
RACCS,2020-08-18,2,68
RACCS,2020-08-20,1,68
RACCS,2020-08-21,1,68
RACCS,2020-08-31,3,68
RACCS,2020-10-07,5,71
RACCS,2020-10-10,2,73
RACCS,2020-11-30,3,73
RACCS,2020-12-29,1,73
RACCS,2020-12-31,1,75
RACCS,2021-02-05,32,76
RACCS,2021-02-20,2,78
RACCS,2021-03-14,1,78
RACCS,2021-04-01,2,79
RACCS,2021-04-11,1,79
RACCS,2021-04-12,2,79
RACCS,2021-04-27,1,79
RACCS,2021-04-29,2,80
RACCS,2021-05-19,1,81
RACCS,2021-05-24,9,89
RACCS,2021-06-09,1,89
RACCS,2021-06-17,1,89
RACCS,2021-07-01,3,91
RACCS,2021-07-12,1,92
RACCS,2021-07-22,1,92
RACCS,2021-08-07,2,93
RACCS,2021-08-14,1,93
RACCS,2021-08-16,1,94
RACCS,2021-08-26,8,100
RACCS,2021-08-31,2,102
RACCS,2021-09-03,1,103
RACCS,2021-09-05,1,103
RACCS,2021-09-07,4,104
RACCS,2021-09-09,1,104
RACCS,2021-09-10,1,105
RACCS,2021-09-13,2,107
RACCS,2021-09-15,1,108
RACCS,2021-09-16,6,113
RACCS,2021-09-17,5,116
RACCS,2021-09-20,1,117
RACCS,2021-09-24,1,119
RACCS,2021-09-26,2,121
RACCS,2021-09-28,1,122
RACCS,2021-09-30,3,125
RACCS,2021-10-01,2,125
RACCS,2021-10-10,2,127
RACCS,2021-10-13,1,127
RACCS,2021-10-15,1,128
Rio San Juan,2020-04-02,1,0
Rio San Juan,2020-04-05,1,0
Rio San Juan,2020-05-07,3,0
Rio San Juan,2020-05-20,3,0
Rio San Juan,2020-05-21,4,0
Rio San Juan,2020-05-22,2,0
Rio San Juan,2020-05-25,2,2
Rio San Juan,2020-05-27,4,2
Rio San Juan,2020-05-29,1,3
Rio San Juan,2020-05-30,3,3
Rio San Juan,2020-06-01,5,4
Rio San Juan,2020-06-04,2,4
Rio San Juan,2020-06-14,1,5
Rio San Juan,2020-06-16,2,5
Rio San Juan,2020-06-20,4,6
Rio San Juan,2020-06-21,2,8
Rio San Juan,2020-06-24,7,12
Rio San Juan,2020-07-01,3,12
Rio San Juan,2020-07-02,2,15
Rio San Juan,2020-07-05,7,22
Rio San Juan,2020-07-06,1,23
Rio San Juan,2020-07-09,1,24
Rio San Juan,2020-08-03,7,24
Rio San Juan,2020-08-04,5,25
Rio San Juan,2020-08-07,1,25
Rio San Juan,2020-08-12,7,25
Rio San Juan,2020-08-14,4,25
Rio San Juan,2020-08-18,4,26
Rio San Juan,2020-08-20,2,26
Rio San Juan,2020-08-21,7,26
Rio San Juan,2020-08-23,1,27
Rio San Juan,2020-08-27,3,27
Rio San Juan,2020-08-30,1,27
Rio San Juan,2020-08-31,2,27
Rio San Juan,2020-09-09,1,28
Rio San Juan,2020-09-10,1,28
Rio San Juan,2021-02-07,4,28
Rio San Juan,2021-02-15,1,28
Rio San Juan,2021-04-16,2,29
Rio San Juan,2021-04-29,14,29
Rio San Juan,2021-05-12,1,29
Rio San Juan,2021-05-16,1,29
Rio San Juan,2021-06-18,5,29
Rio San Juan,2021-06-21,2,29
Rio San Juan,2021-07-05,1,29
Rio San Juan,2021-07-14,7,29
Rio San Juan,2021-07-15,6,29
Rio San Juan,2021-07-16,1,29
Rio San Juan,2021-07-24,1,31
Rio San Juan,2021-08-04,3,31
Rio San Juan,2021-08-07,1,31
Rio San Juan,2021-08-10,1,31
Rio San Juan,2021-08-13,2,31
Rio San Juan,2021-08-15,2,32
Rio San Juan,2021-08-20,15,33
Rio San Juan,2021-08-29,1,33
Rio San Juan,2021-08-31,1,34
Rio San Juan,2021-09-28,3,37
Rio San Juan,2021-10-01,1,38
Rivas,2020-03-18,1,0
Rivas,2020-03-19,2,0
Rivas,2020-03-20,1,0
Rivas,2020-03-24,2,0
Rivas,2020-03-31,2,0
Rivas,2020-04-06,1,1
Rivas,2020-04-07,1,1
Rivas,2020-04-18,3,3
Rivas,2020-04-27,3,3
Rivas,2020-05-05,1,3
Rivas,2020-05-07,1,3
Rivas,2020-05-08,7,7
Rivas,2020-05-09,1,7
Rivas,2020-05-15,1,8
Rivas,2020-05-23,6,11
Rivas,2020-05-25,1,12
Rivas,2020-05-27,3,13
Rivas,2020-05-28,3,16
Rivas,2020-05-29,1,16
Rivas,2020-05-30,2,16
Rivas,2020-05-31,1,17
Rivas,2020-06-01,5,19
Rivas,2020-06-02,1,20
Rivas,2020-06-03,2,22
Rivas,2020-06-04,3,25
Rivas,2020-06-05,2,25
Rivas,2020-06-06,1,26
Rivas,2020-06-08,1,26
Rivas,2020-06-09,5,27
Rivas,2020-06-10,3,29
Rivas,2020-06-11,8,35
Rivas,2020-06-12,7,35
Rivas,2020-06-13,1,35
Rivas,2020-06-14,4,39
Rivas,2020-06-16,9,48
Rivas,2020-06-18,1,49
Rivas,2020-06-19,1,50
Rivas,2020-06-23,2,53
Rivas,2020-06-24,2,53
Rivas,2020-06-25,1,53
Rivas,2020-06-26,3,54
Rivas,2020-06-27,1,54
Rivas,2020-06-28,1,54
Rivas,2020-06-29,2,55
Rivas,2020-07-03,2,56
Rivas,2020-07-04,1,56
Rivas,2020-07-06,1,56
Rivas,2020-07-07,5,57
Rivas,2020-07-08,1,58
Rivas,2020-07-11,1,59
Rivas,2020-07-24,12,62
Rivas,2020-07-25,1,62
Rivas,2020-07-26,1,63
Rivas,2020-07-30,13,69
Rivas,2020-08-06,1,70
Rivas,2020-08-13,1,70
Rivas,2020-08-26,11,70
Rivas,2020-08-28,1,71
Rivas,2020-09-02,2,71
Rivas,2020-09-08,5,71
Rivas,2020-09-15,4,71
Rivas,2020-09-17,2,71
Rivas,2020-09-29,11,71
Rivas,2020-10-03,1,71
Rivas,2020-10-21,3,71
Rivas,2020-11-25,2,73
Rivas,2020-12-02,2,73
Rivas,2020-12-03,8,73
Rivas,2020-12-07,1,74
Rivas,2020-12-15,2,74
Rivas,2020-12-31,5,77
Rivas,2021-01-08,1,77
Rivas,2021-01-13,3,77
Rivas,2021-01-21,25,77
Rivas,2021-02-01,30,77
Rivas,2021-02-05,1,77
Rivas,2021-02-11,31,77
Rivas,2021-02-20,2,79
Rivas,2021-02-24,35,79
Rivas,2021-03-03,1,80
Rivas,2021-04-02,19,80
Rivas,2021-04-14,29,80
Rivas,2021-04-21,32,80
Rivas,2021-04-23,1,81
Rivas,2021-04-24,1,82
Rivas,2021-04-29,4,86
Rivas,2021-04-30,18,86
Rivas,2021-05-01,18,86
Rivas,2021-05-04,16,86
Rivas,2021-05-12,22,87
Rivas,2021-05-13,1,87
Rivas,2021-05-15,19,87
Rivas,2021-05-16,19,87
Rivas,2021-05-20,18,87
Rivas,2021-05-21,18,87
Rivas,2021-05-23,19,87
Rivas,2021-05-24,19,87
Rivas,2021-05-26,20,87
Rivas,2021-07-01,1,88
Rivas,2021-07-09,4,92
Rivas,2021-07-11,3,93
Rivas,2021-07-13,1,94
Rivas,2021-07-16,1,94
Rivas,2021-07-21,3,94
Rivas,2021-08-11,1,95
Rivas,2021-08-12,1,95
Rivas,2021-08-28,3,95
Rivas,2021-08-30,13,95
Rivas,2021-08-31,1,95
Rivas,2021-09-04,95,106
Rivas,2021-09-05,30,108
Rivas,2021-09-06,25,108
Rivas,2021-09-07,27,108
Rivas,2021-09-08,27,108
Rivas,2021-09-09,11,108
Rivas,2021-09-11,3,111
Rivas,2021-09-12,1,111
Rivas,2021-09-13,1,112
Rivas,2021-09-14,10,113
Rivas,2021-09-15,3,116
Rivas,2021-09-16,3,119
Rivas,2021-09-17,2,121
Rivas,2021-09-18,10,130
Rivas,2021-09-19,3,131
Rivas,2021-09-20,3,131
Rivas,2021-09-22,1,131
Rivas,2021-09-23,3,133
Rivas,2021-09-24,2,133
Rivas,2021-09-25,7,133
Rivas,2021-09-26,1,134
Rivas,2021-09-27,1,134
Rivas,2021-09-29,2,135
Rivas,2021-09-30,1,136
Rivas,2021-10-02,3,137
Rivas,2021-10-04,4,138
Rivas,2021-10-05,4,140
Rivas,2021-10-06,1,141
Rivas,2021-10-07,3,145
Rivas,2021-10-11,4,148
Rivas,2021-10-12,4,151
Rivas,2021-10-13,2,151
